"","cell","cell_type"
"1","10X_P4_2_AAACCTGAGCTACCTA","hepatocyte"
"2","10X_P4_2_AAACCTGCAAGACACG","hepatocyte"
"3","10X_P4_2_AAACCTGCATGCCTTC","hepatocyte"
"4","10X_P4_2_AAACCTGGTATCTGCA","hepatocyte"
"5","10X_P4_2_AAACGGGAGATATGGT",NA
"6","10X_P4_2_AAACGGGTCCGCATAA","hepatocyte"
"7","10X_P4_2_AAACGGGTCCTGTAGA","hepatocyte"
"8","10X_P4_2_AAAGATGCAAGCGTAG","hepatocyte"
"9","10X_P4_2_AAAGATGGTTGGGACA","hepatocyte"
"10","10X_P4_2_AAAGCAAAGAGGGATA",NA
"11","10X_P4_2_AAAGCAAAGATGGGTC","hepatocyte"
"12","10X_P4_2_AAAGCAAAGTTGAGTA","hepatocyte"
"13","10X_P4_2_AAAGTAGCAGTTAACC","hepatocyte"
"14","10X_P4_2_AAAGTAGTCATGGTCA","hepatocyte"
"15","10X_P4_2_AAATGCCCAATAAGCA","hepatocyte"
"16","10X_P4_2_AAATGCCCACTAGTAC","hepatocyte"
"17","10X_P4_2_AAATGCCTCCCATTAT","hepatocyte"
"18","10X_P4_2_AACCATGGTACATGTC","hepatocyte"
"19","10X_P4_2_AACCGCGCATAAAGGT","hepatocyte"
"20","10X_P4_2_AACGTTGCAACTTGAC","hepatocyte"
"21","10X_P4_2_AACTCAGGTACCGGCT","hepatocyte"
"22","10X_P4_2_AACTCCCAGACGCACA","hepatocyte"
"23","10X_P4_2_AACTCCCAGCCGGTAA","hepatocyte"
"24","10X_P4_2_AACTCCCCAAAGCGGT","hepatocyte"
"25","10X_P4_2_AACTCCCGTCGGGTCT","leukocyte"
"26","10X_P4_2_AACTCCCGTGATAAAC","hepatocyte"
"27","10X_P4_2_AACTCTTGTGAGCGAT","hepatocyte"
"28","10X_P4_2_AACTGGTGTGTCAATC","hepatocyte"
"29","10X_P4_2_AACTTTCAGACAAGCC","hepatocyte"
"30","10X_P4_2_AACTTTCCACACATGT","hepatocyte"
"31","10X_P4_2_AAGACCTAGGTGGGTT","duct epithelial cell"
"32","10X_P4_2_AAGCCGCGTAGGCATG","hepatocyte"
"33","10X_P4_2_AAGGAGCAGTCGATAA","hepatocyte"
"34","10X_P4_2_AAGGAGCGTGCTAGCC","hepatocyte"
"35","10X_P4_2_AAGGAGCTCAAAGTAG","hepatocyte"
"36","10X_P4_2_AAGGCAGAGGACATTA","hepatocyte"
"37","10X_P4_2_AAGGCAGCATCCCACT","hepatocyte"
"38","10X_P4_2_AAGGCAGGTGCCTGGT","hepatocyte"
"39","10X_P4_2_AAGGTTCAGAGGTTGC","hepatocyte"
"40","10X_P4_2_AAGGTTCGTTCTCATT","hepatocyte"
"41","10X_P4_2_AAGGTTCTCTTTAGTC","hepatocyte"
"42","10X_P4_2_AAGTCTGCATCTACGA","hepatocyte"
"43","10X_P4_2_AAGTCTGCATTATCTC","hepatocyte"
"44","10X_P4_2_AAGTCTGGTACAAGTA","hepatocyte"
"45","10X_P4_2_AAGTCTGTCCACGACG","hepatocyte"
"46","10X_P4_2_AATCCAGAGATGTGTA","hepatocyte"
"47","10X_P4_2_AATCCAGAGCATCATC","hepatocyte"
"48","10X_P4_2_AATCGGTCAGCGAACA","hepatocyte"
"49","10X_P4_2_AATCGGTCATCCCACT","leukocyte"
"50","10X_P4_2_ACACCAAAGGTGCAAC","hepatocyte"
"51","10X_P4_2_ACACCAACACCCATGG","hepatocyte"
"52","10X_P4_2_ACACCAACAGGCAGTA","hepatocyte"
"53","10X_P4_2_ACACCCTAGTAGGTGC","hepatocyte"
"54","10X_P4_2_ACACCCTTCCCAACGG","hepatocyte"
"55","10X_P4_2_ACACCGGAGATCTGCT","hepatocyte"
"56","10X_P4_2_ACACCGGTCCCTGACT",NA
"57","10X_P4_2_ACACTGAGTATCAGTC","hepatocyte"
"58","10X_P4_2_ACACTGATCTTATCTG","hepatocyte"
"59","10X_P4_2_ACAGCCGAGTGTACTC","hepatocyte"
"60","10X_P4_2_ACAGCCGCATTCCTCG","hepatocyte"
"61","10X_P4_2_ACAGCCGGTCTCTTAT","hepatocyte"
"62","10X_P4_2_ACAGCTACATAGAAAC","hepatocyte"
"63","10X_P4_2_ACAGCTAGTTTGGGCC","hepatocyte"
"64","10X_P4_2_ACAGCTATCATACGGT","duct epithelial cell"
"65","10X_P4_2_ACATCAGCACAACGTT","hepatocyte"
"66","10X_P4_2_ACATCAGGTGTTGGGA","hepatocyte"
"67","10X_P4_2_ACATGGTAGGACAGCT",NA
"68","10X_P4_2_ACATGGTTCCTGCAGG","hepatocyte"
"69","10X_P4_2_ACCGTAAGTGAGGGTT","hepatocyte"
"70","10X_P4_2_ACCTTTAAGACGACGT","hepatocyte"
"71","10X_P4_2_ACCTTTAAGCAGGTCA","hepatocyte"
"72","10X_P4_2_ACGAGCCAGCGCTCCA","hepatocyte"
"73","10X_P4_2_ACGAGCCAGTGTACTC","hepatocyte"
"74","10X_P4_2_ACGAGGAAGAGCTGCA","hepatocyte"
"75","10X_P4_2_ACGAGGACAAGCGAGT","hepatocyte"
"76","10X_P4_2_ACGAGGAGTGGGTCAA","hepatocyte"
"77","10X_P4_2_ACGATGTTCATCACCC","hepatocyte"
"78","10X_P4_2_ACGCAGCAGTGCCATT","hepatocyte"
"79","10X_P4_2_ACGCAGCCACGAAACG","hepatocyte"
"80","10X_P4_2_ACGCAGCCACGCGAAA","hepatocyte"
"81","10X_P4_2_ACGCAGCTCCTCAACC","hepatocyte"
"82","10X_P4_2_ACGCCAGCACACTGCG","hepatocyte"
"83","10X_P4_2_ACGCCGAGTGTCAATC","hepatocyte"
"84","10X_P4_2_ACGGAGATCAACACAC","hepatocyte"
"85","10X_P4_2_ACGGAGATCTCCCTGA","hepatocyte"
"86","10X_P4_2_ACGGCCAAGCACCGTC","hepatocyte"
"87","10X_P4_2_ACGGCCACACGTTGGC","hepatocyte"
"88","10X_P4_2_ACGGCCACAGACTCGC","hepatocyte"
"89","10X_P4_2_ACGGGCTAGATGTGTA","hepatocyte"
"90","10X_P4_2_ACGGGCTCACAGGCCT","hepatocyte"
"91","10X_P4_2_ACGGGCTCAGGACCCT","hepatocyte"
"92","10X_P4_2_ACGGGTCAGAATGTTG",NA
"93","10X_P4_2_ACGGGTCAGGTGCTTT","hepatocyte"
"94","10X_P4_2_ACGTCAAAGGCACATG","hepatocyte"
"95","10X_P4_2_ACGTCAACAAACTGCT","hepatocyte"
"96","10X_P4_2_ACGTCAATCAAAGTAG","hepatocyte"
"97","10X_P4_2_ACTATCTCACACTGCG","hepatocyte"
"98","10X_P4_2_ACTATCTCAGCGTAAG","hepatocyte"
"99","10X_P4_2_ACTGAACTCACGATGT","hepatocyte"
"100","10X_P4_2_ACTGAACTCTACCTGC","endothelial cell of hepatic sinusoid"
"101","10X_P4_2_ACTGAGTAGATCCCGC","hepatocyte"
"102","10X_P4_2_ACTGAGTAGATGTGTA","hepatocyte"
"103","10X_P4_2_ACTGAGTGTACCGGCT","hepatocyte"
"104","10X_P4_2_ACTGAGTTCTCTGCTG","hepatocyte"
"105","10X_P4_2_ACTGATGCACAGAGGT","hepatocyte"
"106","10X_P4_2_ACTGATGTCACTGGGC","hepatocyte"
"107","10X_P4_2_ACTGATGTCGTGGTCG",NA
"108","10X_P4_2_ACTGCTCTCTGTCAAG","hepatocyte"
"109","10X_P4_2_ACTTACTCAACCGCCA","hepatocyte"
"110","10X_P4_2_ACTTACTCAGTCTTCC","hepatocyte"
"111","10X_P4_2_ACTTGTTGTTCAGCGC",NA
"112","10X_P4_2_ACTTTCACAGCTATTG","hepatocyte"
"113","10X_P4_2_ACTTTCAGTCCGAAGA","hepatocyte"
"114","10X_P4_2_AGAATAGAGACCTTTG","hepatocyte"
"115","10X_P4_2_AGAATAGAGTTAGGTA","hepatocyte"
"116","10X_P4_2_AGAATAGCATACTCTT","hepatocyte"
"117","10X_P4_2_AGAATAGGTTCAGCGC","hepatocyte"
"118","10X_P4_2_AGACGTTAGGGCTTGA","hepatocyte"
"119","10X_P4_2_AGACGTTCACTGTTAG","hepatocyte"
"120","10X_P4_2_AGACGTTTCAAAGTAG","hepatocyte"
"121","10X_P4_2_AGACGTTTCACGACTA","hepatocyte"
"122","10X_P4_2_AGAGCGACAATGAATG","hepatocyte"
"123","10X_P4_2_AGAGCGAGTGTTCTTT","hepatocyte"
"124","10X_P4_2_AGAGCGAGTTCGTCTC","hepatocyte"
"125","10X_P4_2_AGAGCTTCATGGTCAT","hepatocyte"
"126","10X_P4_2_AGAGTGGAGCGTTGCC","hepatocyte"
"127","10X_P4_2_AGAGTGGAGTGGCACA","hepatocyte"
"128","10X_P4_2_AGATCTGCATTCTTAC","hepatocyte"
"129","10X_P4_2_AGATTGCAGTACGCGA","hepatocyte"
"130","10X_P4_2_AGATTGCGTTCGAATC","hepatocyte"
"131","10X_P4_2_AGCAGCCTCTGGTTCC","hepatocyte"
"132","10X_P4_2_AGCGGTCAGTAGGCCA","hepatocyte"
"133","10X_P4_2_AGCGGTCTCTGAGTGT","duct epithelial cell"
"134","10X_P4_2_AGCGTCGTCAGTTAGC","hepatocyte"
"135","10X_P4_2_AGCGTCGTCCAGAAGG","hepatocyte"
"136","10X_P4_2_AGCGTCGTCTCTAAGG","hepatocyte"
"137","10X_P4_2_AGCTCCTGTGACGGTA","hepatocyte"
"138","10X_P4_2_AGCTCTCTCCACGCAG","hepatocyte"
"139","10X_P4_2_AGCTTGAAGGATTCGG","hepatocyte"
"140","10X_P4_2_AGCTTGACACGACTCG","hepatocyte"
"141","10X_P4_2_AGCTTGATCGCAAGCC","hepatocyte"
"142","10X_P4_2_AGGCCACAGCGATATA","hepatocyte"
"143","10X_P4_2_AGGCCACCAGGAATCG","hepatocyte"
"144","10X_P4_2_AGGCCACTCCGCATCT","hepatocyte"
"145","10X_P4_2_AGGCCGTGTATAGGTA","hepatocyte"
"146","10X_P4_2_AGGCCGTTCACCCGAG","hepatocyte"
"147","10X_P4_2_AGGCCGTTCGGAATCT","hepatocyte"
"148","10X_P4_2_AGGGAGTGTACCATCA","hepatocyte"
"149","10X_P4_2_AGGGATGCACGTTGGC","hepatocyte"
"150","10X_P4_2_AGGGTGAAGTCTTGCA","hepatocyte"
"151","10X_P4_2_AGGGTGAGTAACGCGA","hepatocyte"
"152","10X_P4_2_AGGGTGAGTGCCTTGG","hepatocyte"
"153","10X_P4_2_AGGTCATAGAGACGAA","hepatocyte"
"154","10X_P4_2_AGGTCATCATACGCTA","hepatocyte"
"155","10X_P4_2_AGGTCATGTGAGCGAT","hepatocyte"
"156","10X_P4_2_AGGTCATTCTCGGACG","hepatocyte"
"157","10X_P4_2_AGGTCATTCTTCCTTC","hepatocyte"
"158","10X_P4_2_AGGTCCGAGGACACCA","duct epithelial cell"
"159","10X_P4_2_AGGTCCGGTGTAATGA","hepatocyte"
"160","10X_P4_2_AGGTCCGTCACTTACT","hepatocyte"
"161","10X_P4_2_AGGTCCGTCGGAAACG","hepatocyte"
"162","10X_P4_2_AGTAGTCCAAGTTGTC","hepatocyte"
"163","10X_P4_2_AGTAGTCGTGCACCAC","hepatocyte"
"164","10X_P4_2_AGTAGTCTCACCGGGT","hepatocyte"
"165","10X_P4_2_AGTAGTCTCTGCAGTA","hepatocyte"
"166","10X_P4_2_AGTGAGGCATGTCTCC","hepatocyte"
"167","10X_P4_2_AGTGAGGGTAGCTGCC","hepatocyte"
"168","10X_P4_2_AGTGAGGGTGTCAATC","hepatocyte"
"169","10X_P4_2_AGTGGGAAGCAATATG","hepatocyte"
"170","10X_P4_2_AGTGGGAGTGATGTGG","hepatocyte"
"171","10X_P4_2_AGTGTCAAGCGGCTTC","hepatocyte"
"172","10X_P4_2_AGTGTCAAGTGAAGAG","hepatocyte"
"173","10X_P4_2_AGTGTCACATCACAAC","hepatocyte"
"174","10X_P4_2_ATAACGCAGAGTTGGC","hepatocyte"
"175","10X_P4_2_ATAACGCCATACCATG","hepatocyte"
"176","10X_P4_2_ATAAGAGAGAATGTGT","hepatocyte"
"177","10X_P4_2_ATAAGAGAGACACTAA","hepatocyte"
"178","10X_P4_2_ATAAGAGCATTAGGCT","hepatocyte"
"179","10X_P4_2_ATCATCTGTTTACTCT","hepatocyte"
"180","10X_P4_2_ATCATCTGTTTGTGTG","hepatocyte"
"181","10X_P4_2_ATCATGGCATGTAAGA","hepatocyte"
"182","10X_P4_2_ATCATGGGTGCGGTAA","hepatocyte"
"183","10X_P4_2_ATCCACCGTCAATGTC","hepatocyte"
"184","10X_P4_2_ATCCGAAGTGTATGGG","hepatocyte"
"185","10X_P4_2_ATCGAGTAGGATGCGT","hepatocyte"
"186","10X_P4_2_ATCGAGTAGTTAGGTA","hepatocyte"
"187","10X_P4_2_ATCGAGTCACCAGTTA","hepatocyte"
"188","10X_P4_2_ATCTACTAGATGGCGT","hepatocyte"
"189","10X_P4_2_ATCTACTAGTCGTTTG","hepatocyte"
"190","10X_P4_2_ATCTACTCATTGTGCA","hepatocyte"
"191","10X_P4_2_ATCTACTGTCCAGTAT","hepatocyte"
"192","10X_P4_2_ATCTACTTCGCGCCAA","hepatocyte"
"193","10X_P4_2_ATCTGCCAGTGTGGCA","hepatocyte"
"194","10X_P4_2_ATCTGCCCACCTCGTT","hepatocyte"
"195","10X_P4_2_ATGAGGGCAGACGCTC","hepatocyte"
"196","10X_P4_2_ATGCGATCAAGAGGCT","hepatocyte"
"197","10X_P4_2_ATGGGAGAGACGCAAC","hepatocyte"
"198","10X_P4_2_ATGGGAGGTTAAAGAC","hepatocyte"
"199","10X_P4_2_ATGTGTGTCAACGCTA","hepatocyte"
"200","10X_P4_2_ATGTGTGTCCGCGCAA","hepatocyte"
"201","10X_P4_2_ATTACTCCAATACGCT","hepatocyte"
"202","10X_P4_2_ATTACTCTCTTGACGA","hepatocyte"
"203","10X_P4_2_ATTCTACAGCCACTAT","hepatocyte"
"204","10X_P4_2_ATTCTACCACATAACC","hepatocyte"
"205","10X_P4_2_ATTCTACGTGTTGAGG","hepatocyte"
"206","10X_P4_2_ATTGGACAGTAGATGT","hepatocyte"
"207","10X_P4_2_ATTGGACGTCAGTGGA","hepatocyte"
"208","10X_P4_2_ATTGGTGAGAAAGTGG","hepatocyte"
"209","10X_P4_2_ATTGGTGGTAATCACC","hepatocyte"
"210","10X_P4_2_ATTTCTGAGACTCGGA","hepatocyte"
"211","10X_P4_2_ATTTCTGAGTTAGCGG","hepatocyte"
"212","10X_P4_2_ATTTCTGCAGACAAAT","hepatocyte"
"213","10X_P4_2_ATTTCTGGTTGATTGC","hepatocyte"
"214","10X_P4_2_CAACCAAAGATGGGTC","hepatocyte"
"215","10X_P4_2_CAACCTCCAGTTAACC","hepatocyte"
"216","10X_P4_2_CAACCTCCATGAACCT","hepatocyte"
"217","10X_P4_2_CAACCTCTCACCAGGC","hepatocyte"
"218","10X_P4_2_CAACTAGAGTGACATA","hepatocyte"
"219","10X_P4_2_CAACTAGCATTAACCG","hepatocyte"
"220","10X_P4_2_CAACTAGTCACAAACC","hepatocyte"
"221","10X_P4_2_CAAGAAACATGCATGT","hepatocyte"
"222","10X_P4_2_CAAGAAAGTTCCACAA","hepatocyte"
"223","10X_P4_2_CAAGTTGAGGCCCGTT","hepatocyte"
"224","10X_P4_2_CACACAAGTGTATGGG","endothelial cell of hepatic sinusoid"
"225","10X_P4_2_CACACAATCCCTTGTG","hepatocyte"
"226","10X_P4_2_CACACCTCATCAGTAC","hepatocyte"
"227","10X_P4_2_CACACCTGTTTGACAC","duct epithelial cell"
"228","10X_P4_2_CACACCTTCTAACCGA","hepatocyte"
"229","10X_P4_2_CACACTCCAATGACCT","hepatocyte"
"230","10X_P4_2_CACACTCTCTGCAAGT","hepatocyte"
"231","10X_P4_2_CACAGGCAGTACGCCC","hepatocyte"
"232","10X_P4_2_CACAGGCGTGTTGGGA",NA
"233","10X_P4_2_CACAGTAAGCAGATCG","hepatocyte"
"234","10X_P4_2_CACAGTAGTAAATGAC","hepatocyte"
"235","10X_P4_2_CACAGTAGTCCCGACA","hepatocyte"
"236","10X_P4_2_CACAGTAGTGACTACT","hepatocyte"
"237","10X_P4_2_CACAGTAGTTCTGTTT",NA
"238","10X_P4_2_CACATTTTCTGGTATG","duct epithelial cell"
"239","10X_P4_2_CACCACTCAGATGGGT","hepatocyte"
"240","10X_P4_2_CACCACTCAGGATTGG","hepatocyte"
"241","10X_P4_2_CACCACTCATGCCACG","hepatocyte"
"242","10X_P4_2_CACCACTGTCATTAGC","hepatocyte"
"243","10X_P4_2_CACCACTTCAGTTCGA","hepatocyte"
"244","10X_P4_2_CACCAGGGTCTAAACC","hepatocyte"
"245","10X_P4_2_CACCAGGTCGCATGGC","hepatocyte"
"246","10X_P4_2_CACCTTGAGAATTGTG","hepatocyte"
"247","10X_P4_2_CACCTTGTCGGATGGA","hepatocyte"
"248","10X_P4_2_CACTCCACACCAGATT","hepatocyte"
"249","10X_P4_2_CACTCCATCGTCTGCT",NA
"250","10X_P4_2_CAGAATCAGACGACGT","hepatocyte"
"251","10X_P4_2_CAGAATCGTGTTGGGA","hepatocyte"
"252","10X_P4_2_CAGAATCTCGTCCGTT","hepatocyte"
"253","10X_P4_2_CAGAGAGAGTTAAGTG","hepatocyte"
"254","10X_P4_2_CAGAGAGTCCGAGCCA","hepatocyte"
"255","10X_P4_2_CAGATCAAGAAACGCC","hepatocyte"
"256","10X_P4_2_CAGATCACAGACGCAA","hepatocyte"
"257","10X_P4_2_CAGCAGCGTTCGTCTC","hepatocyte"
"258","10X_P4_2_CAGCAGCGTTGGTTTG","hepatocyte"
"259","10X_P4_2_CAGCATAAGAATCTCC","hepatocyte"
"260","10X_P4_2_CAGCATAGTCTTGTCC","hepatocyte"
"261","10X_P4_2_CAGCATATCACCGGGT","hepatocyte"
"262","10X_P4_2_CAGCATATCCCATTAT","hepatocyte"
"263","10X_P4_2_CAGCCGAAGGAGTCTG","hepatocyte"
"264","10X_P4_2_CAGCCGACATAGAAAC","hepatocyte"
"265","10X_P4_2_CAGCCGAGTGCACGAA","hepatocyte"
"266","10X_P4_2_CAGCGACCAAGGACAC","hepatocyte"
"267","10X_P4_2_CAGCGACCAAGTACCT","hepatocyte"
"268","10X_P4_2_CAGCGACCAGCTGCAC","hepatocyte"
"269","10X_P4_2_CAGCGACTCAGTGCAT","hepatocyte"
"270","10X_P4_2_CAGCGACTCCAAAGTC","hepatocyte"
"271","10X_P4_2_CAGCGACTCCATTCTA","hepatocyte"
"272","10X_P4_2_CAGCTAACAGGAATGC","hepatocyte"
"273","10X_P4_2_CAGCTAACAGTCCTTC","hepatocyte"
"274","10X_P4_2_CAGCTGGAGCTAGTCT","hepatocyte"
"275","10X_P4_2_CAGCTGGAGTCGTACT","hepatocyte"
"276","10X_P4_2_CAGCTGGAGTTCCACA","hepatocyte"
"277","10X_P4_2_CAGCTGGGTCCATGAT","hepatocyte"
"278","10X_P4_2_CAGCTGGGTCCGAATT","hepatocyte"
"279","10X_P4_2_CAGCTGGTCCTTTACA","leukocyte"
"280","10X_P4_2_CAGGTGCAGAAACGAG","endothelial cell of hepatic sinusoid"
"281","10X_P4_2_CAGGTGCCAAGTTAAG","hepatocyte"
"282","10X_P4_2_CAGGTGCGTGCAGACA","hepatocyte"
"283","10X_P4_2_CAGGTGCTCAGTCAGT","hepatocyte"
"284","10X_P4_2_CAGTAACAGAATGTTG","hepatocyte"
"285","10X_P4_2_CAGTAACTCGCGATCG","hepatocyte"
"286","10X_P4_2_CAGTCCTCACCGAAAG","hepatocyte"
"287","10X_P4_2_CAGTCCTCAGCGTAAG","hepatocyte"
"288","10X_P4_2_CATATTCAGAATAGGG","hepatocyte"
"289","10X_P4_2_CATATTCCACTTGGAT","hepatocyte"
"290","10X_P4_2_CATATTCCAGAGTGTG","leukocyte"
"291","10X_P4_2_CATATTCCATCGGAAG","hepatocyte"
"292","10X_P4_2_CATATTCGTAAGAGGA","hepatocyte"
"293","10X_P4_2_CATATTCGTAAGGGAA","hepatocyte"
"294","10X_P4_2_CATATTCGTAGGGTAC","hepatocyte"
"295","10X_P4_2_CATATTCTCATTGCCC",NA
"296","10X_P4_2_CATCAAGAGCGTGAAC","hepatocyte"
"297","10X_P4_2_CATCAAGAGGGAACGG","hepatocyte"
"298","10X_P4_2_CATCAAGGTAAACGCG","hepatocyte"
"299","10X_P4_2_CATCAGACAGACGTAG","hepatocyte"
"300","10X_P4_2_CATCAGATCCAGTATG","hepatocyte"
"301","10X_P4_2_CATCAGATCTAACTGG","hepatocyte"
"302","10X_P4_2_CATCAGATCTTCAACT","hepatocyte"
"303","10X_P4_2_CATCCACGTGTATGGG","hepatocyte"
"304","10X_P4_2_CATCGAAAGCATCATC","hepatocyte"
"305","10X_P4_2_CATCGAATCCGGCACA","hepatocyte"
"306","10X_P4_2_CATCGAATCGATCCCT","hepatocyte"
"307","10X_P4_2_CATCGGGAGATATACG","hepatocyte"
"308","10X_P4_2_CATGACAAGGGTATCG","hepatocyte"
"309","10X_P4_2_CATGACAAGTAGCCGA","hepatocyte"
"310","10X_P4_2_CATGACAAGTCGATAA","hepatocyte"
"311","10X_P4_2_CATGGCGAGAAACCAT","hepatocyte"
"312","10X_P4_2_CATTATCCACGACTCG","hepatocyte"
"313","10X_P4_2_CATTATCCACTGTCGG","hepatocyte"
"314","10X_P4_2_CATTATCCAGTCGTGC","hepatocyte"
"315","10X_P4_2_CCAATCCAGATGTAAC","hepatocyte"
"316","10X_P4_2_CCAATCCAGATGTTAG","hepatocyte"
"317","10X_P4_2_CCAATCCTCAACACAC","hepatocyte"
"318","10X_P4_2_CCAATCCTCGTTGCCT","hepatocyte"
"319","10X_P4_2_CCACCTAAGATTACCC","hepatocyte"
"320","10X_P4_2_CCACCTAAGCTCCTTC","hepatocyte"
"321","10X_P4_2_CCACCTAGTCGAATCT","hepatocyte"
"322","10X_P4_2_CCACCTAGTCTCATCC","hepatocyte"
"323","10X_P4_2_CCACCTAGTCTTCTCG","hepatocyte"
"324","10X_P4_2_CCACCTATCTCAAGTG","hepatocyte"
"325","10X_P4_2_CCACGGAAGCTGTCTA","endothelial cell of hepatic sinusoid"
"326","10X_P4_2_CCACTACCACCGTTGG","hepatocyte"
"327","10X_P4_2_CCAGCGAAGTGGACGT","hepatocyte"
"328","10X_P4_2_CCAGCGACACATTAGC","hepatocyte"
"329","10X_P4_2_CCAGCGAGTTAAGATG","hepatocyte"
"330","10X_P4_2_CCATGTCTCGTCGTTC","hepatocyte"
"331","10X_P4_2_CCATTCGGTATCAGTC","hepatocyte"
"332","10X_P4_2_CCCAATCAGCCACGCT","hepatocyte"
"333","10X_P4_2_CCCAATCGTAGTACCT","hepatocyte"
"334","10X_P4_2_CCCAGTTAGGCGTACA","hepatocyte"
"335","10X_P4_2_CCCATACAGGGTATCG","hepatocyte"
"336","10X_P4_2_CCCATACAGTCGCCGT","hepatocyte"
"337","10X_P4_2_CCCATACTCTTAGAGC","hepatocyte"
"338","10X_P4_2_CCCTCCTCAACTGCTA","hepatocyte"
"339","10X_P4_2_CCGGGATCAAAGTCAA","hepatocyte"
"340","10X_P4_2_CCGGGATGTACGAAAT","hepatocyte"
"341","10X_P4_2_CCGGTAGAGGCAGTCA","duct epithelial cell"
"342","10X_P4_2_CCGGTAGGTACAGACG","hepatocyte"
"343","10X_P4_2_CCGTACTTCCGTTGCT","hepatocyte"
"344","10X_P4_2_CCTAAAGCATCATCCC","hepatocyte"
"345","10X_P4_2_CCTACACAGTTTCCTT","hepatocyte"
"346","10X_P4_2_CCTACCACAGGACGTA","hepatocyte"
"347","10X_P4_2_CCTACCAGTGAAATCA","hepatocyte"
"348","10X_P4_2_CCTACCATCTAACGGT","hepatocyte"
"349","10X_P4_2_CCTAGCTAGCACCGTC","hepatocyte"
"350","10X_P4_2_CCTAGCTGTCGAGATG","hepatocyte"
"351","10X_P4_2_CCTATTAAGGGTCTCC","hepatocyte"
"352","10X_P4_2_CCTATTATCGTTGACA","hepatocyte"
"353","10X_P4_2_CCTCAGTAGGGTGTTG","hepatocyte"
"354","10X_P4_2_CCTCAGTTCCGAACGC","hepatocyte"
"355","10X_P4_2_CCTCAGTTCCTTAATC","hepatocyte"
"356","10X_P4_2_CCTCTGACACTCTGTC","hepatocyte"
"357","10X_P4_2_CCTTACGGTGCAGACA","hepatocyte"
"358","10X_P4_2_CCTTCCCAGGGATGGG","leukocyte"
"359","10X_P4_2_CCTTCCCCATGGGACA","hepatocyte"
"360","10X_P4_2_CCTTCCCGTCCGTGAC","hepatocyte"
"361","10X_P4_2_CCTTCGACATGTCGAT","hepatocyte"
"362","10X_P4_2_CCTTCGAGTACTCTCC","hepatocyte"
"363","10X_P4_2_CCTTTCTTCTGCAAGT","hepatocyte"
"364","10X_P4_2_CGAACATAGAGACGAA","hepatocyte"
"365","10X_P4_2_CGAACATCAAGCTGGA","hepatocyte"
"366","10X_P4_2_CGAACATCATCGGGTC","hepatocyte"
"367","10X_P4_2_CGAATGTAGTAATCCC","hepatocyte"
"368","10X_P4_2_CGAATGTTCAATAAGG","hepatocyte"
"369","10X_P4_2_CGACCTTAGCGACGTA","hepatocyte"
"370","10X_P4_2_CGACCTTGTTAAGGGC","hepatocyte"
"371","10X_P4_2_CGACCTTTCATCGATG","hepatocyte"
"372","10X_P4_2_CGACTTCAGATCGATA","hepatocyte"
"373","10X_P4_2_CGACTTCCAACTGCGC","hepatocyte"
"374","10X_P4_2_CGAGAAGTCTCCAACC","hepatocyte"
"375","10X_P4_2_CGAGCACAGTCGCCGT","hepatocyte"
"376","10X_P4_2_CGAGCCAGTGCACTTA","hepatocyte"
"377","10X_P4_2_CGAGCCAGTTGCCTCT","hepatocyte"
"378","10X_P4_2_CGATGGCAGCCATCGC","hepatocyte"
"379","10X_P4_2_CGATGGCAGGATGTAT","hepatocyte"
"380","10X_P4_2_CGATGGCGTACGACCC","hepatocyte"
"381","10X_P4_2_CGATGTAGTGCGAAAC","hepatocyte"
"382","10X_P4_2_CGATGTAGTTTACTCT","hepatocyte"
"383","10X_P4_2_CGATGTATCAACGGCC",NA
"384","10X_P4_2_CGATTGACAGCTGTTA","hepatocyte"
"385","10X_P4_2_CGATTGAGTATGGTTC","hepatocyte"
"386","10X_P4_2_CGATTGATCAGTACGT","hepatocyte"
"387","10X_P4_2_CGCCAAGCAGTCTTCC","hepatocyte"
"388","10X_P4_2_CGCCAAGGTTGCTCCT","hepatocyte"
"389","10X_P4_2_CGCGGTAAGGATGCGT","hepatocyte"
"390","10X_P4_2_CGCGGTACAAGTCATC","hepatocyte"
"391","10X_P4_2_CGCGGTACAATCGAAA","hepatocyte"
"392","10X_P4_2_CGCGGTAGTCGGGTCT","hepatocyte"
"393","10X_P4_2_CGCGGTATCCACTGGG","hepatocyte"
"394","10X_P4_2_CGCGTTTCATGATCCA","hepatocyte"
"395","10X_P4_2_CGCTATCAGTCGTACT","hepatocyte"
"396","10X_P4_2_CGCTATCGTAGCTCCG","hepatocyte"
"397","10X_P4_2_CGCTGGATCTTACCGC","hepatocyte"
"398","10X_P4_2_CGCTTCAGTCTGCAAT","hepatocyte"
"399","10X_P4_2_CGGACACCATTCGACA","hepatocyte"
"400","10X_P4_2_CGGACGTCAACGCACC","hepatocyte"
"401","10X_P4_2_CGGACTGGTCATGCAT","hepatocyte"
"402","10X_P4_2_CGGAGCTCAAACAACA","endothelial cell of hepatic sinusoid"
"403","10X_P4_2_CGGAGTCAGTACGCCC","duct epithelial cell"
"404","10X_P4_2_CGGCTAGCAACGATGG","hepatocyte"
"405","10X_P4_2_CGGCTAGGTCGCATAT","hepatocyte"
"406","10X_P4_2_CGGCTAGTCAAGAAGT","hepatocyte"
"407","10X_P4_2_CGGGTCACAGTGAGTG","hepatocyte"
"408","10X_P4_2_CGGGTCACATCCCACT","hepatocyte"
"409","10X_P4_2_CGGTTAATCCTTGGTC","hepatocyte"
"410","10X_P4_2_CGTAGCGCATACGCTA","hepatocyte"
"411","10X_P4_2_CGTAGCGGTTTGGGCC","hepatocyte"
"412","10X_P4_2_CGTAGGCCACGGACAA","duct epithelial cell"
"413","10X_P4_2_CGTAGGCGTCGAGTTT","hepatocyte"
"414","10X_P4_2_CGTAGGCGTTCCCGAG","hepatocyte"
"415","10X_P4_2_CGTCACTTCGTCTGAA","hepatocyte"
"416","10X_P4_2_CGTCAGGAGAAGGTTT","hepatocyte"
"417","10X_P4_2_CGTCAGGAGGAGCGAG","hepatocyte"
"418","10X_P4_2_CGTCAGGTCCATGAGT","hepatocyte"
"419","10X_P4_2_CGTCCATCATCGTCGG","hepatocyte"
"420","10X_P4_2_CGTCCATTCGGACAAG","hepatocyte"
"421","10X_P4_2_CGTCTACAGAATTCCC","hepatocyte"
"422","10X_P4_2_CGTCTACAGCTGAAAT","hepatocyte"
"423","10X_P4_2_CGTCTACCATCCCATC","hepatocyte"
"424","10X_P4_2_CGTCTACTCGAGCCCA","hepatocyte"
"425","10X_P4_2_CGTCTACTCGGTCTAA","hepatocyte"
"426","10X_P4_2_CGTGAGCGTCACCTAA","hepatocyte"
"427","10X_P4_2_CGTGTCTCAGTTTACG","hepatocyte"
"428","10X_P4_2_CGTGTCTGTAGGCATG","hepatocyte"
"429","10X_P4_2_CGTTAGAAGGAGTTGC","hepatocyte"
"430","10X_P4_2_CGTTAGAGTTGTACAC","hepatocyte"
"431","10X_P4_2_CGTTCTGAGATGGGTC","hepatocyte"
"432","10X_P4_2_CGTTCTGGTCCAACTA","hepatocyte"
"433","10X_P4_2_CGTTCTGGTTCTGGTA","hepatocyte"
"434","10X_P4_2_CGTTGGGTCATGCAAC","hepatocyte"
"435","10X_P4_2_CTAACTTGTACATGTC","hepatocyte"
"436","10X_P4_2_CTAACTTTCCTCCTAG","hepatocyte"
"437","10X_P4_2_CTAAGACGTAGCCTCG","hepatocyte"
"438","10X_P4_2_CTAATGGCAAAGCAAT","hepatocyte"
"439","10X_P4_2_CTAATGGCAGCGTTCG","hepatocyte"
"440","10X_P4_2_CTACACCAGGATGGAA","hepatocyte"
"441","10X_P4_2_CTACACCTCAACGAAA","hepatocyte"
"442","10X_P4_2_CTACATTAGCATGGCA","hepatocyte"
"443","10X_P4_2_CTACGTCCACGAGAGT","hepatocyte"
"444","10X_P4_2_CTAGAGTGTTGTTTGG","hepatocyte"
"445","10X_P4_2_CTAGCCTAGCTGCGAA","duct epithelial cell"
"446","10X_P4_2_CTAGCCTTCAATCACG","hepatocyte"
"447","10X_P4_2_CTAGTGACAGTGACAG","hepatocyte"
"448","10X_P4_2_CTCACACGTACCGTAT","hepatocyte"
"449","10X_P4_2_CTCAGAAAGCCGTCGT","hepatocyte"
"450","10X_P4_2_CTCATTACACCCATTC","hepatocyte"
"451","10X_P4_2_CTCATTATCCAAGCCG","hepatocyte"
"452","10X_P4_2_CTCCTAGCACCACGTG","hepatocyte"
"453","10X_P4_2_CTCCTAGTCAGGATCT","hepatocyte"
"454","10X_P4_2_CTCGAGGTCGTAGGTT","hepatocyte"
"455","10X_P4_2_CTCGGAGAGCTAAACA","hepatocyte"
"456","10X_P4_2_CTCGGAGAGGCAGGTT","hepatocyte"
"457","10X_P4_2_CTCGGAGCAAGACACG","hepatocyte"
"458","10X_P4_2_CTCGGAGGTCCGAAGA","hepatocyte"
"459","10X_P4_2_CTCGGAGTCTGCAAGT","hepatocyte"
"460","10X_P4_2_CTCGGGATCCAAAGTC","hepatocyte"
"461","10X_P4_2_CTCGGGATCGCCGTGA","hepatocyte"
"462","10X_P4_2_CTCGGGATCTCCTATA","hepatocyte"
"463","10X_P4_2_CTCGTACAGTCCTCCT","hepatocyte"
"464","10X_P4_2_CTCGTACTCCACGACG","hepatocyte"
"465","10X_P4_2_CTCGTCACAAGTAGTA","hepatocyte"
"466","10X_P4_2_CTCTAATTCCTCGCAT","hepatocyte"
"467","10X_P4_2_CTCTACGAGACCTTTG","hepatocyte"
"468","10X_P4_2_CTCTACGGTCAGTGGA","hepatocyte"
"469","10X_P4_2_CTCTGGTCAAAGGAAG","hepatocyte"
"470","10X_P4_2_CTCTGGTCAGCTGTAT","hepatocyte"
"471","10X_P4_2_CTCTGGTGTCGGCATC","hepatocyte"
"472","10X_P4_2_CTCTGGTTCCCAACGG","hepatocyte"
"473","10X_P4_2_CTGAAACAGACCACGA","hepatocyte"
"474","10X_P4_2_CTGAAACAGCGAAGGG","hepatocyte"
"475","10X_P4_2_CTGAAACGTTCCCTTG","hepatocyte"
"476","10X_P4_2_CTGAAGTCATCGTCGG","hepatocyte"
"477","10X_P4_2_CTGAAGTTCGTGGACC","hepatocyte"
"478","10X_P4_2_CTGATAGAGAAGGTTT","hepatocyte"
"479","10X_P4_2_CTGATAGAGATAGGAG","hepatocyte"
"480","10X_P4_2_CTGATAGTCCGAACGC","hepatocyte"
"481","10X_P4_2_CTGATCCAGGCATTGG","hepatocyte"
"482","10X_P4_2_CTGATCCAGGCTCATT","hepatocyte"
"483","10X_P4_2_CTGATCCGTTTGACAC","hepatocyte"
"484","10X_P4_2_CTGCCTACACTGCCAG",NA
"485","10X_P4_2_CTGCGGAGTAAACCTC","hepatocyte"
"486","10X_P4_2_CTGCGGAGTATGCTTG","duct epithelial cell"
"487","10X_P4_2_CTGCGGAGTGACGGTA","hepatocyte"
"488","10X_P4_2_CTGCTGTAGGCAATTA","hepatocyte"
"489","10X_P4_2_CTGCTGTGTCGCATAT","hepatocyte"
"490","10X_P4_2_CTGCTGTTCATACGGT","hepatocyte"
"491","10X_P4_2_CTGCTGTTCGTTACGA","duct epithelial cell"
"492","10X_P4_2_CTGGTCTGTAGTACCT",NA
"493","10X_P4_2_CTGGTCTGTGCTTCTC","hepatocyte"
"494","10X_P4_2_CTGGTCTGTGGGTATG","hepatocyte"
"495","10X_P4_2_CTGGTCTTCGATAGAA","hepatocyte"
"496","10X_P4_2_CTGTGCTGTCATCGGC","hepatocyte"
"497","10X_P4_2_CTGTGCTGTTATGCGT","hepatocyte"
"498","10X_P4_2_CTGTGCTTCTATCGCC","hepatocyte"
"499","10X_P4_2_CTTAACTAGGGTCGAT","hepatocyte"
"500","10X_P4_2_CTTAACTGTACAGACG","hepatocyte"
"501","10X_P4_2_CTTAACTGTTAAGTAG","hepatocyte"
"502","10X_P4_2_CTTAACTGTTTACTCT","hepatocyte"
"503","10X_P4_2_CTTAACTTCGCCTGTT","hepatocyte"
"504","10X_P4_2_CTTAGGAAGGGCTTGA","hepatocyte"
"505","10X_P4_2_CTTAGGAGTAAGAGAG","hepatocyte"
"506","10X_P4_2_CTTGGCTAGACCCACC","hepatocyte"
"507","10X_P4_2_CTTGGCTAGCCAGTAG","hepatocyte"
"508","10X_P4_2_CTTGGCTCACATGGGA","hepatocyte"
"509","10X_P4_2_CTTGGCTCACGAAACG","duct epithelial cell"
"510","10X_P4_2_CTTGGCTCATCGGACC","hepatocyte"
"511","10X_P4_2_CTTGGCTGTTCAGGCC","hepatocyte"
"512","10X_P4_2_CTTTGCGAGGCCCTTG","hepatocyte"
"513","10X_P4_2_CTTTGCGCACATAACC","hepatocyte"
"514","10X_P4_2_CTTTGCGCACCACCAG","hepatocyte"
"515","10X_P4_2_CTTTGCGTCCTCATTA","hepatocyte"
"516","10X_P4_2_GAAACTCAGCGTTCCG","hepatocyte"
"517","10X_P4_2_GAAACTCCAGTTCATG","hepatocyte"
"518","10X_P4_2_GAACATCCATATGAGA","hepatocyte"
"519","10X_P4_2_GAACATCGTCCCTTGT","hepatocyte"
"520","10X_P4_2_GAACATCTCGAACTGT","hepatocyte"
"521","10X_P4_2_GAACCTAAGTTGAGTA","hepatocyte"
"522","10X_P4_2_GAACCTACAGGATTGG","hepatocyte"
"523","10X_P4_2_GAACCTACATTAGGCT","duct epithelial cell"
"524","10X_P4_2_GAACCTAGTAAACCTC","hepatocyte"
"525","10X_P4_2_GAACGGAAGTGGTAGC","hepatocyte"
"526","10X_P4_2_GAAGCAGGTATAATGG","hepatocyte"
"527","10X_P4_2_GAAGCAGTCATTTGGG","hepatocyte"
"528","10X_P4_2_GAATAAGAGTACGCGA","hepatocyte"
"529","10X_P4_2_GAATAAGCACTAAGTC","hepatocyte"
"530","10X_P4_2_GAATAAGTCCTTGGTC","hepatocyte"
"531","10X_P4_2_GAATGAACAGCTGTGC","hepatocyte"
"532","10X_P4_2_GAATGAAGTGCACGAA","hepatocyte"
"533","10X_P4_2_GAATGAAGTGGTGTAG","hepatocyte"
"534","10X_P4_2_GAATGAATCACTCCTG","hepatocyte"
"535","10X_P4_2_GACACGCCACGTCTCT","hepatocyte"
"536","10X_P4_2_GACACGCCAGAAGCAC","hepatocyte"
"537","10X_P4_2_GACACGCCAGCAGTTT","hepatocyte"
"538","10X_P4_2_GACAGAGAGGACATTA","hepatocyte"
"539","10X_P4_2_GACAGAGGTGAGGCTA","hepatocyte"
"540","10X_P4_2_GACCAATGTCAGAATA","hepatocyte"
"541","10X_P4_2_GACCTGGCACGGCGTT","hepatocyte"
"542","10X_P4_2_GACCTGGGTCCGTTAA","hepatocyte"
"543","10X_P4_2_GACGGCTAGCAATATG","hepatocyte"
"544","10X_P4_2_GACGGCTCAAACGTGG","hepatocyte"
"545","10X_P4_2_GACGGCTGTCCCGACA","hepatocyte"
"546","10X_P4_2_GACGTGCGTTCAGTAC","hepatocyte"
"547","10X_P4_2_GACGTGCTCCCTAATT","hepatocyte"
"548","10X_P4_2_GACGTTAAGGATGGAA",NA
"549","10X_P4_2_GACGTTACACCCATGG","hepatocyte"
"550","10X_P4_2_GACTAACTCAGCCTAA","hepatocyte"
"551","10X_P4_2_GACTAACTCTTGGGTA","hepatocyte"
"552","10X_P4_2_GACTACAAGCCACCTG","hepatocyte"
"553","10X_P4_2_GACTACACAGGAACGT","hepatocyte"
"554","10X_P4_2_GAGCAGAAGGCGACAT","hepatocyte"
"555","10X_P4_2_GAGGTGACATGGTCAT","hepatocyte"
"556","10X_P4_2_GAGGTGAGTTGTGGCC","hepatocyte"
"557","10X_P4_2_GATCAGTTCTCGAGTA","hepatocyte"
"558","10X_P4_2_GATCAGTTCTCTGCTG","hepatocyte"
"559","10X_P4_2_GATCAGTTCTGGAGCC","hepatocyte"
"560","10X_P4_2_GATCGATGTAGCTTGT","hepatocyte"
"561","10X_P4_2_GATCGATTCCGTTGCT","hepatocyte"
"562","10X_P4_2_GATCGCGCAGTGACAG","hepatocyte"
"563","10X_P4_2_GATCGCGGTTTGACAC","hepatocyte"
"564","10X_P4_2_GATCGCGTCACCCTCA","duct epithelial cell"
"565","10X_P4_2_GATCGCGTCTTATCTG","hepatocyte"
"566","10X_P4_2_GATCGTAAGTTAACGA","hepatocyte"
"567","10X_P4_2_GATCGTACAGCGTCCA","hepatocyte"
"568","10X_P4_2_GATCTAGAGCTCCTCT","hepatocyte"
"569","10X_P4_2_GATCTAGCATCACGAT","hepatocyte"
"570","10X_P4_2_GATGAGGAGCCTCGTG","hepatocyte"
"571","10X_P4_2_GATGAGGCAATGGATA","hepatocyte"
"572","10X_P4_2_GATGAGGTCCATGAAC","hepatocyte"
"573","10X_P4_2_GATGCTAAGGCGTACA","hepatocyte"
"574","10X_P4_2_GATGCTAAGTGAAGTT","hepatocyte"
"575","10X_P4_2_GATGCTAGTTCCGGCA","hepatocyte"
"576","10X_P4_2_GATTCAGCAAGACGTG","hepatocyte"
"577","10X_P4_2_GATTCAGCATTTCACT",NA
"578","10X_P4_2_GATTCAGGTTTGTTTC","hepatocyte"
"579","10X_P4_2_GATTCAGTCTTAGCCC","hepatocyte"
"580","10X_P4_2_GATTCAGTCTTCGAGA","hepatocyte"
"581","10X_P4_2_GCAAACTAGCCAGTAG","hepatocyte"
"582","10X_P4_2_GCAAACTCATGAGCGA","hepatocyte"
"583","10X_P4_2_GCAAACTCATTACCTT","hepatocyte"
"584","10X_P4_2_GCAATCAGTGCTGTAT","hepatocyte"
"585","10X_P4_2_GCACATACAGGTGCCT","hepatocyte"
"586","10X_P4_2_GCACATATCGACAGCC","hepatocyte"
"587","10X_P4_2_GCAGCCAAGACTTGAA","hepatocyte"
"588","10X_P4_2_GCAGCCAAGGGTCTCC",NA
"589","10X_P4_2_GCAGCCAAGTGGGTTG","hepatocyte"
"590","10X_P4_2_GCAGCCACACGAAACG","hepatocyte"
"591","10X_P4_2_GCAGCCACAGCGAACA","hepatocyte"
"592","10X_P4_2_GCAGTTAAGAGGTACC","hepatocyte"
"593","10X_P4_2_GCAGTTAGTACAAGTA","hepatocyte"
"594","10X_P4_2_GCAGTTATCGGCGCTA","hepatocyte"
"595","10X_P4_2_GCATACAGTAGCGTCC","hepatocyte"
"596","10X_P4_2_GCATACAGTCCAACTA","hepatocyte"
"597","10X_P4_2_GCATGATAGCTCTCGG","hepatocyte"
"598","10X_P4_2_GCATGCGAGCCCAACC","hepatocyte"
"599","10X_P4_2_GCATGCGCAAGTACCT","hepatocyte"
"600","10X_P4_2_GCATGCGGTTATGCGT","hepatocyte"
"601","10X_P4_2_GCATGTAGTCTTGATG","hepatocyte"
"602","10X_P4_2_GCATGTATCTTGTATC","hepatocyte"
"603","10X_P4_2_GCCAAATTCACGCGGT","hepatocyte"
"604","10X_P4_2_GCGACCAAGACGCACA","hepatocyte"
"605","10X_P4_2_GCGACCAAGGGATCTG","duct epithelial cell"
"606","10X_P4_2_GCGAGAAGTCCAGTAT","endothelial cell of hepatic sinusoid"
"607","10X_P4_2_GCGCAACAGAGACTAT","endothelial cell of hepatic sinusoid"
"608","10X_P4_2_GCGCAACAGATGTTAG","hepatocyte"
"609","10X_P4_2_GCGCAACGTTCATGGT","hepatocyte"
"610","10X_P4_2_GCGCCAATCAGTTCGA","hepatocyte"
"611","10X_P4_2_GCGCGATAGAGGTTGC","hepatocyte"
"612","10X_P4_2_GCGCGATAGAGTAAGG","hepatocyte"
"613","10X_P4_2_GCGCGATCACAAGTAA","hepatocyte"
"614","10X_P4_2_GCGCGATCACCTCGTT","hepatocyte"
"615","10X_P4_2_GCGGGTTTCCAACCAA","hepatocyte"
"616","10X_P4_2_GCTCCTACACAACGTT","hepatocyte"
"617","10X_P4_2_GCTCCTAGTGATGTCT","hepatocyte"
"618","10X_P4_2_GCTCCTATCAGAGACG","hepatocyte"
"619","10X_P4_2_GCTCCTATCCCTAATT","hepatocyte"
"620","10X_P4_2_GCTCTGTAGTGAATTG","hepatocyte"
"621","10X_P4_2_GCTCTGTCACGTTGGC",NA
"622","10X_P4_2_GCTGCAGAGGCCCGTT","hepatocyte"
"623","10X_P4_2_GCTGCAGAGGCTAGCA","hepatocyte"
"624","10X_P4_2_GCTGCTTAGACGCAAC","hepatocyte"
"625","10X_P4_2_GCTGCTTAGCGCCTTG","hepatocyte"
"626","10X_P4_2_GCTGGGTCAAGGGTCA","hepatocyte"
"627","10X_P4_2_GCTGGGTTCGTGACAT","hepatocyte"
"628","10X_P4_2_GCTTCCATCTATCCTA","hepatocyte"
"629","10X_P4_2_GCTTGAAAGGAGCGTT","hepatocyte"
"630","10X_P4_2_GCTTGAAAGGTGTGGT","hepatocyte"
"631","10X_P4_2_GCTTGAACACATAACC","hepatocyte"
"632","10X_P4_2_GCTTGAATCCTTTACA","hepatocyte"
"633","10X_P4_2_GGAAAGCTCAAAGTAG","hepatocyte"
"634","10X_P4_2_GGAACTTAGCAAATCA","hepatocyte"
"635","10X_P4_2_GGAACTTGTCTCTCTG","hepatocyte"
"636","10X_P4_2_GGAATAACAAGACACG","hepatocyte"
"637","10X_P4_2_GGAATAACAGTCTTCC","hepatocyte"
"638","10X_P4_2_GGAATAACATCCGGGT","hepatocyte"
"639","10X_P4_2_GGAATAAGTCTCTTTA","hepatocyte"
"640","10X_P4_2_GGAATAATCCGGGTGT","hepatocyte"
"641","10X_P4_2_GGACAAGCAGTTCATG","hepatocyte"
"642","10X_P4_2_GGACAAGGTGCAGACA","hepatocyte"
"643","10X_P4_2_GGACAAGTCAACCATG","hepatocyte"
"644","10X_P4_2_GGACAGAAGACAGAGA","hepatocyte"
"645","10X_P4_2_GGACAGACAACGCACC","hepatocyte"
"646","10X_P4_2_GGACAGATCTCCGGTT","hepatocyte"
"647","10X_P4_2_GGACATTCAGCATGAG","hepatocyte"
"648","10X_P4_2_GGACGTCCACGAAGCA","hepatocyte"
"649","10X_P4_2_GGACGTCCACTTAACG","hepatocyte"
"650","10X_P4_2_GGACGTCCATCCTAGA","hepatocyte"
"651","10X_P4_2_GGACGTCTCCTATTCA","hepatocyte"
"652","10X_P4_2_GGACGTCTCTGAAAGA","hepatocyte"
"653","10X_P4_2_GGAGCAACATTACCTT","hepatocyte"
"654","10X_P4_2_GGAGCAAGTTTGTTTC","hepatocyte"
"655","10X_P4_2_GGAGCAATCAACACTG","hepatocyte"
"656","10X_P4_2_GGAGCAATCAGGCAAG","hepatocyte"
"657","10X_P4_2_GGATGTTGTGCACGAA","hepatocyte"
"658","10X_P4_2_GGATTACCATGTCCTC","hepatocyte"
"659","10X_P4_2_GGATTACGTAAATACG","hepatocyte"
"660","10X_P4_2_GGATTACTCCTAAGTG",NA
"661","10X_P4_2_GGCAATTCATTCCTGC","hepatocyte"
"662","10X_P4_2_GGCAATTGTAGCTGCC","hepatocyte"
"663","10X_P4_2_GGCAATTGTCTTCAAG","hepatocyte"
"664","10X_P4_2_GGCAATTGTTCCGTCT","hepatocyte"
"665","10X_P4_2_GGCCGATAGTTTCCTT",NA
"666","10X_P4_2_GGCCGATCACACAGAG","hepatocyte"
"667","10X_P4_2_GGCGTGTCAAACCTAC","hepatocyte"
"668","10X_P4_2_GGCGTGTGTAGAAGGA","hepatocyte"
"669","10X_P4_2_GGCGTGTGTATAGGGC","hepatocyte"
"670","10X_P4_2_GGCGTGTGTCTTTCAT","hepatocyte"
"671","10X_P4_2_GGCGTGTTCTAGCACA","hepatocyte"
"672","10X_P4_2_GGCTCGAGTTGGTTTG","hepatocyte"
"673","10X_P4_2_GGCTCGATCGTTACGA","hepatocyte"
"674","10X_P4_2_GGCTGGTAGCCCAATT","leukocyte"
"675","10X_P4_2_GGCTGGTGTTATGTGC","hepatocyte"
"676","10X_P4_2_GGCTGGTGTTGCGTTA","hepatocyte"
"677","10X_P4_2_GGCTGGTGTTGTGGAG","hepatocyte"
"678","10X_P4_2_GGGAATGAGGCACATG","hepatocyte"
"679","10X_P4_2_GGGAATGGTGAGCGAT","hepatocyte"
"680","10X_P4_2_GGGAATGGTGTCAATC","hepatocyte"
"681","10X_P4_2_GGGAATGTCATCACCC","hepatocyte"
"682","10X_P4_2_GGGACCTAGTAGCCGA","hepatocyte"
"683","10X_P4_2_GGGACCTAGTATCTCG","hepatocyte"
"684","10X_P4_2_GGGAGATTCAACACCA","hepatocyte"
"685","10X_P4_2_GGGATGACACACAGAG","hepatocyte"
"686","10X_P4_2_GGGATGATCGAATCCA","hepatocyte"
"687","10X_P4_2_GGGCACTAGTATCGAA","hepatocyte"
"688","10X_P4_2_GGGCACTGTGGACGAT","hepatocyte"
"689","10X_P4_2_GGGCACTTCAATAAGG","hepatocyte"
"690","10X_P4_2_GGGCACTTCAGGCGAA","hepatocyte"
"691","10X_P4_2_GGGCATCAGCGATAGC","hepatocyte"
"692","10X_P4_2_GGGCATCTCCGTTGTC","duct epithelial cell"
"693","10X_P4_2_GGGTCTGCAGGGTTAG","hepatocyte"
"694","10X_P4_2_GGGTCTGTCAACGAAA",NA
"695","10X_P4_2_GGTATTGAGAAACGAG","hepatocyte"
"696","10X_P4_2_GGTATTGAGCAGCGTA","hepatocyte"
"697","10X_P4_2_GGTGAAGCATCGGTTA","hepatocyte"
"698","10X_P4_2_GGTGAAGTCTCGTTTA",NA
"699","10X_P4_2_GGTGCGTGTACCGTTA","hepatocyte"
"700","10X_P4_2_GGTGCGTGTTCAGCGC","hepatocyte"
"701","10X_P4_2_GGTGTTAAGGGAAACA","hepatocyte"
"702","10X_P4_2_GGTGTTAAGTGTGGCA","hepatocyte"
"703","10X_P4_2_GGTGTTACACCAACCG","hepatocyte"
"704","10X_P4_2_GGTGTTACACCAGATT","hepatocyte"
"705","10X_P4_2_GGTGTTATCACCACCT","hepatocyte"
"706","10X_P4_2_GGTGTTATCTGTGCAA","hepatocyte"
"707","10X_P4_2_GTAACGTCATGGTCAT","hepatocyte"
"708","10X_P4_2_GTAACGTGTCGAAAGC","hepatocyte"
"709","10X_P4_2_GTAACGTGTTCCCGAG",NA
"710","10X_P4_2_GTAACGTTCAACACTG","hepatocyte"
"711","10X_P4_2_GTAACTGCAAGTAATG","hepatocyte"
"712","10X_P4_2_GTAACTGGTACTCGCG","hepatocyte"
"713","10X_P4_2_GTACGTACAAGAAAGG","hepatocyte"
"714","10X_P4_2_GTACGTATCCACGCAG","hepatocyte"
"715","10X_P4_2_GTACTCCGTACAGACG","hepatocyte"
"716","10X_P4_2_GTACTCCTCGCCTGTT","duct epithelial cell"
"717","10X_P4_2_GTACTCCTCTAAGCCA","hepatocyte"
"718","10X_P4_2_GTACTTTCAATGGACG","hepatocyte"
"719","10X_P4_2_GTACTTTTCCGTCATC","endothelial cell of hepatic sinusoid"
"720","10X_P4_2_GTAGGCCAGGCGTACA","hepatocyte"
"721","10X_P4_2_GTAGGCCGTTATGTGC","hepatocyte"
"722","10X_P4_2_GTAGTCAAGTAAGTAC","hepatocyte"
"723","10X_P4_2_GTATCTTAGGGAACGG","hepatocyte"
"724","10X_P4_2_GTATCTTCAGTGGGAT","hepatocyte"
"725","10X_P4_2_GTATCTTCATGGTTGT","hepatocyte"
"726","10X_P4_2_GTATCTTTCTACCTGC","hepatocyte"
"727","10X_P4_2_GTATCTTTCTGCAAGT","hepatocyte"
"728","10X_P4_2_GTATTCTAGCGTCAAG","hepatocyte"
"729","10X_P4_2_GTATTCTAGGGTCTCC","hepatocyte"
"730","10X_P4_2_GTATTCTCACCTGGTG","hepatocyte"
"731","10X_P4_2_GTATTCTGTGCACGAA","hepatocyte"
"732","10X_P4_2_GTATTCTTCCGTTGCT","hepatocyte"
"733","10X_P4_2_GTCAAGTAGAGTCTGG","hepatocyte"
"734","10X_P4_2_GTCAAGTGTAGTACCT","hepatocyte"
"735","10X_P4_2_GTCACAACACTCAGGC","hepatocyte"
"736","10X_P4_2_GTCACAACAGCAGTTT","hepatocyte"
"737","10X_P4_2_GTCACAACAGCCACCA","hepatocyte"
"738","10X_P4_2_GTCACGGCACAGAGGT","hepatocyte"
"739","10X_P4_2_GTCATTTCAGACACTT","hepatocyte"
"740","10X_P4_2_GTCATTTCATGGGAAC","hepatocyte"
"741","10X_P4_2_GTCCTCACATGTCGAT","hepatocyte"
"742","10X_P4_2_GTCCTCAGTACGAAAT","hepatocyte"
"743","10X_P4_2_GTCCTCAGTTCTGTTT","hepatocyte"
"744","10X_P4_2_GTCCTCATCTGCTTGC","hepatocyte"
"745","10X_P4_2_GTCGTAAAGAAGGTTT","hepatocyte"
"746","10X_P4_2_GTCGTAAGTACGACCC","hepatocyte"
"747","10X_P4_2_GTCGTAATCACGAAGG","hepatocyte"
"748","10X_P4_2_GTCGTAATCAGCTGGC","hepatocyte"
"749","10X_P4_2_GTCGTAATCGGCTACG","hepatocyte"
"750","10X_P4_2_GTCTCGTAGACGACGT","hepatocyte"
"751","10X_P4_2_GTCTCGTCAACACCCG","hepatocyte"
"752","10X_P4_2_GTCTCGTCAGCGTCCA","hepatocyte"
"753","10X_P4_2_GTCTCGTCAGGCAGTA","hepatocyte"
"754","10X_P4_2_GTCTTCGAGACAATAC","hepatocyte"
"755","10X_P4_2_GTGAAGGAGTCCGGTC","hepatocyte"
"756","10X_P4_2_GTGAAGGGTTCCATGA","hepatocyte"
"757","10X_P4_2_GTGAAGGTCGTGGACC","hepatocyte"
"758","10X_P4_2_GTGCAGCAGGAACTGC","hepatocyte"
"759","10X_P4_2_GTGCAGCAGGTCGGAT","hepatocyte"
"760","10X_P4_2_GTGCAGCGTCCTAGCG","hepatocyte"
"761","10X_P4_2_GTGCAGCTCAGTTAGC","duct epithelial cell"
"762","10X_P4_2_GTGCAGCTCCTGCAGG","hepatocyte"
"763","10X_P4_2_GTGCATAAGAAACCAT","hepatocyte"
"764","10X_P4_2_GTGCATAGTAAGTTCC","hepatocyte"
"765","10X_P4_2_GTGCATAGTTAAGATG","hepatocyte"
"766","10X_P4_2_GTGCTTCCACAAGACG","hepatocyte"
"767","10X_P4_2_GTGGGTCAGATGTGGC","duct epithelial cell"
"768","10X_P4_2_GTGGGTCAGGCTCTTA","hepatocyte"
"769","10X_P4_2_GTGGGTCCACGTCTCT","hepatocyte"
"770","10X_P4_2_GTGGGTCCACTGAAGG",NA
"771","10X_P4_2_GTGGGTCGTTGGTTTG","hepatocyte"
"772","10X_P4_2_GTGGGTCTCATCTGCC","hepatocyte"
"773","10X_P4_2_GTGGGTCTCCACGCAG","hepatocyte"
"774","10X_P4_2_GTGTGCGAGCTTCGCG","hepatocyte"
"775","10X_P4_2_GTGTGCGCAATCGGTT","hepatocyte"
"776","10X_P4_2_GTGTGCGCACATGGGA","hepatocyte"
"777","10X_P4_2_GTGTGCGGTGTGAAAT","hepatocyte"
"778","10X_P4_2_GTGTGCGTCCAAATGC","hepatocyte"
"779","10X_P4_2_GTTAAGCAGTAATCCC","hepatocyte"
"780","10X_P4_2_GTTAAGCCACCAGGTC","duct epithelial cell"
"781","10X_P4_2_GTTACAGAGCTGAAAT","hepatocyte"
"782","10X_P4_2_GTTACAGAGTGTTAGA","hepatocyte"
"783","10X_P4_2_GTTACAGCAAGCTGTT","hepatocyte"
"784","10X_P4_2_GTTACAGTCACATAGC","hepatocyte"
"785","10X_P4_2_GTTCGGGAGTACGCCC","hepatocyte"
"786","10X_P4_2_GTTCTCGCATCCCATC","hepatocyte"
"787","10X_P4_2_GTTCTCGGTCTTCTCG","hepatocyte"
"788","10X_P4_2_GTTCTCGGTTGGACCC","hepatocyte"
"789","10X_P4_2_GTTTCTAAGATGGGTC","hepatocyte"
"790","10X_P4_2_GTTTCTAAGGACTGGT","duct epithelial cell"
"791","10X_P4_2_TAAACCGAGACCACGA","hepatocyte"
"792","10X_P4_2_TAAACCGCACGCTTTC","hepatocyte"
"793","10X_P4_2_TAAGAGAAGCCCTAAT","hepatocyte"
"794","10X_P4_2_TAAGCGTAGAAAGTGG","hepatocyte"
"795","10X_P4_2_TAAGCGTTCCGTCAAA","hepatocyte"
"796","10X_P4_2_TAAGTGCGTGTGAATA","hepatocyte"
"797","10X_P4_2_TAAGTGCTCCTAGTGA","hepatocyte"
"798","10X_P4_2_TACACGAGTACATGTC","hepatocyte"
"799","10X_P4_2_TACACGATCGAGAGCA","hepatocyte"
"800","10X_P4_2_TACAGTGCAGCTGTAT","hepatocyte"
"801","10X_P4_2_TACCTATGTTGAGGTG","hepatocyte"
"802","10X_P4_2_TACCTATTCAGTTGAC","hepatocyte"
"803","10X_P4_2_TACCTATTCTGGCGAC","hepatocyte"
"804","10X_P4_2_TACCTTAGTCCTCCAT","hepatocyte"
"805","10X_P4_2_TACCTTATCATGTCCC","hepatocyte"
"806","10X_P4_2_TACCTTATCTCAAACG","hepatocyte"
"807","10X_P4_2_TACGGATGTGCCTGCA","hepatocyte"
"808","10X_P4_2_TACGGGCTCGCCTGTT","hepatocyte"
"809","10X_P4_2_TACGGTAAGCGTGAAC","hepatocyte"
"810","10X_P4_2_TACGGTACACAAGACG","hepatocyte"
"811","10X_P4_2_TACGGTAGTCGAGATG","hepatocyte"
"812","10X_P4_2_TACGGTATCGCCTGTT","hepatocyte"
"813","10X_P4_2_TACTCATGTTCCAACA","hepatocyte"
"814","10X_P4_2_TACTCGCCAAGCCCAC","hepatocyte"
"815","10X_P4_2_TACTCGCGTAGCTAAA","hepatocyte"
"816","10X_P4_2_TACTTACAGCCTATGT","hepatocyte"
"817","10X_P4_2_TACTTGTCATGTAGTC","hepatocyte"
"818","10X_P4_2_TAGACCAAGTGTCTCA","hepatocyte"
"819","10X_P4_2_TAGACCACAGCATACT","hepatocyte"
"820","10X_P4_2_TAGACCAGTATCACCA","hepatocyte"
"821","10X_P4_2_TAGAGCTCACTTAAGC","hepatocyte"
"822","10X_P4_2_TAGAGCTGTTTGACAC","hepatocyte"
"823","10X_P4_2_TAGCCGGAGATATGGT","hepatocyte"
"824","10X_P4_2_TAGCCGGGTAAACACA","hepatocyte"
"825","10X_P4_2_TAGGCATAGTACGTTC","hepatocyte"
"826","10X_P4_2_TAGGCATGTGCTGTAT","hepatocyte"
"827","10X_P4_2_TAGTGGTAGGATTCGG","hepatocyte"
"828","10X_P4_2_TATCAGGCAATGGAGC","hepatocyte"
"829","10X_P4_2_TATCAGGCATTACGAC","hepatocyte"
"830","10X_P4_2_TATCAGGTCAGCTCGG","hepatocyte"
"831","10X_P4_2_TATCAGGTCTCGTTTA","hepatocyte"
"832","10X_P4_2_TATTACCAGATACACA","hepatocyte"
"833","10X_P4_2_TATTACCCACCAGGCT","hepatocyte"
"834","10X_P4_2_TATTACCCAGGTGGAT","hepatocyte"
"835","10X_P4_2_TATTACCTCGAATGCT","hepatocyte"
"836","10X_P4_2_TCAATCTCAAGTAGTA","hepatocyte"
"837","10X_P4_2_TCACAAGTCACAGGCC","hepatocyte"
"838","10X_P4_2_TCAGATGTCCTTCAAT","hepatocyte"
"839","10X_P4_2_TCAGCAAAGCGATTCT","hepatocyte"
"840","10X_P4_2_TCAGCAACATGCGCAC","hepatocyte"
"841","10X_P4_2_TCAGCTCAGACCTTTG","hepatocyte"
"842","10X_P4_2_TCAGCTCCAAGGACTG","hepatocyte"
"843","10X_P4_2_TCAGCTCCACAGCCCA","hepatocyte"
"844","10X_P4_2_TCAGCTCCATGCAACT","hepatocyte"
"845","10X_P4_2_TCAGCTCGTATGCTTG","hepatocyte"
"846","10X_P4_2_TCAGCTCTCACAGGCC","hepatocyte"
"847","10X_P4_2_TCAGCTCTCTGGTTCC","hepatocyte"
"848","10X_P4_2_TCAGGATAGGGCTCTC","hepatocyte"
"849","10X_P4_2_TCAGGATGTACTTCTT","hepatocyte"
"850","10X_P4_2_TCAGGATTCCGGGTGT","hepatocyte"
"851","10X_P4_2_TCAGGATTCTTCATGT","hepatocyte"
"852","10X_P4_2_TCAGGTAAGTAGATGT","hepatocyte"
"853","10X_P4_2_TCAGGTATCTTGACGA","hepatocyte"
"854","10X_P4_2_TCATTACCAGATAATG","hepatocyte"
"855","10X_P4_2_TCATTACTCAGGCAAG","hepatocyte"
"856","10X_P4_2_TCATTTGCACATCCGG","hepatocyte"
"857","10X_P4_2_TCATTTGCACTGTGTA","hepatocyte"
"858","10X_P4_2_TCATTTGTCGGCCGAT","hepatocyte"
"859","10X_P4_2_TCATTTGTCGGTCCGA",NA
"860","10X_P4_2_TCCACACCAGCCACCA","hepatocyte"
"861","10X_P4_2_TCCCGATTCCAGTAGT","hepatocyte"
"862","10X_P4_2_TCGAGGCAGGAATTAC","hepatocyte"
"863","10X_P4_2_TCGAGGCGTGCAGTAG","hepatocyte"
"864","10X_P4_2_TCGAGGCTCAGTACGT","hepatocyte"
"865","10X_P4_2_TCGAGGCTCCTGCCAT","hepatocyte"
"866","10X_P4_2_TCGCGAGAGGACCACA","hepatocyte"
"867","10X_P4_2_TCGCGAGAGTGCCAGA","hepatocyte"
"868","10X_P4_2_TCGCGAGCACACATGT","hepatocyte"
"869","10X_P4_2_TCGCGTTTCAAGGCTT","hepatocyte"
"870","10X_P4_2_TCGGGACGTGACGGTA","hepatocyte"
"871","10X_P4_2_TCGGTAATCAGTACGT","hepatocyte"
"872","10X_P4_2_TCGTAGAAGGGCTCTC","hepatocyte"
"873","10X_P4_2_TCTATTGAGAGTTGGC","hepatocyte"
"874","10X_P4_2_TCTATTGCACATCCGG","hepatocyte"
"875","10X_P4_2_TCTATTGGTCTTCTCG","hepatocyte"
"876","10X_P4_2_TCTATTGTCCCTCTTT","hepatocyte"
"877","10X_P4_2_TCTCATAAGAAACCTA","hepatocyte"
"878","10X_P4_2_TCTCATAAGATATGGT","hepatocyte"
"879","10X_P4_2_TCTCATATCCGTCATC","hepatocyte"
"880","10X_P4_2_TCTGAGAAGGGTGTTG","hepatocyte"
"881","10X_P4_2_TCTGAGAGTACGACCC","hepatocyte"
"882","10X_P4_2_TCTGGAAAGAAACCGC","hepatocyte"
"883","10X_P4_2_TCTTCGGTCAGCTCGG","hepatocyte"
"884","10X_P4_2_TCTTTCCCACCGGAAA","hepatocyte"
"885","10X_P4_2_TCTTTCCCATGGTAGG","hepatocyte"
"886","10X_P4_2_TCTTTCCTCACCGGGT","hepatocyte"
"887","10X_P4_2_TCTTTCCTCCGCATAA","duct epithelial cell"
"888","10X_P4_2_TGAAAGAGTACGAAAT","hepatocyte"
"889","10X_P4_2_TGACAACCAATGACCT","hepatocyte"
"890","10X_P4_2_TGACGGCAGCAATCTC","hepatocyte"
"891","10X_P4_2_TGACGGCGTTGCTCCT","leukocyte"
"892","10X_P4_2_TGACTTTGTACCAGTT","hepatocyte"
"893","10X_P4_2_TGACTTTTCATGTCTT",NA
"894","10X_P4_2_TGAGCATCAATCTACG","hepatocyte"
"895","10X_P4_2_TGAGCCGCACTCAGGC","hepatocyte"
"896","10X_P4_2_TGAGGGAAGCTAACTC","hepatocyte"
"897","10X_P4_2_TGAGGGACACGACTCG","hepatocyte"
"898","10X_P4_2_TGAGGGAGTATGAATG","hepatocyte"
"899","10X_P4_2_TGAGGGAGTCGCCATG","hepatocyte"
"900","10X_P4_2_TGAGGGAGTTGGGACA","hepatocyte"
"901","10X_P4_2_TGATTTCGTCCTGCTT","hepatocyte"
"902","10X_P4_2_TGATTTCTCATGTAGC","hepatocyte"
"903","10X_P4_2_TGCACCTAGTACGCCC","hepatocyte"
"904","10X_P4_2_TGCACCTTCCGTCAAA","hepatocyte"
"905","10X_P4_2_TGCCAAAAGCATGGCA","hepatocyte"
"906","10X_P4_2_TGCCAAAAGTTGAGAT","hepatocyte"
"907","10X_P4_2_TGCCAAACACGAAATA","hepatocyte"
"908","10X_P4_2_TGCCAAACAGGGTACA","hepatocyte"
"909","10X_P4_2_TGCCCTATCGTACGGC","hepatocyte"
"910","10X_P4_2_TGCGCAGCAGGATTGG","hepatocyte"
"911","10X_P4_2_TGCGCAGTCCATGAGT","hepatocyte"
"912","10X_P4_2_TGCGCAGTCTAACTCT","hepatocyte"
"913","10X_P4_2_TGCGGGTAGCGGCTTC","hepatocyte"
"914","10X_P4_2_TGCGGGTTCCCACTTG","hepatocyte"
"915","10X_P4_2_TGCGGGTTCTTTACGT","duct epithelial cell"
"916","10X_P4_2_TGCGTGGGTATTAGCC","hepatocyte"
"917","10X_P4_2_TGCGTGGGTCGTGGCT","hepatocyte"
"918","10X_P4_2_TGCGTGGTCAGGTTCA","hepatocyte"
"919","10X_P4_2_TGCGTGGTCCTATTCA","hepatocyte"
"920","10X_P4_2_TGCTACCAGCACCGTC","hepatocyte"
"921","10X_P4_2_TGCTACCGTATTCTCT","hepatocyte"
"922","10X_P4_2_TGCTACCTCCTAGAAC","hepatocyte"
"923","10X_P4_2_TGCTGCTGTCTAAACC","hepatocyte"
"924","10X_P4_2_TGCTGCTGTTCAGGCC","hepatocyte"
"925","10X_P4_2_TGCTGCTTCGGCGGTT","hepatocyte"
"926","10X_P4_2_TGGACGCAGTCAATAG","hepatocyte"
"927","10X_P4_2_TGGACGCGTATTAGCC","hepatocyte"
"928","10X_P4_2_TGGCCAGGTGAAATCA","hepatocyte"
"929","10X_P4_2_TGGCCAGGTTACCAGT","hepatocyte"
"930","10X_P4_2_TGGCGCATCGGCATCG","hepatocyte"
"931","10X_P4_2_TGGCTGGGTCGCTTCT","duct epithelial cell"
"932","10X_P4_2_TGGGAAGCACATGACT","hepatocyte"
"933","10X_P4_2_TGGGAAGCATATGCTG",NA
"934","10X_P4_2_TGGGAAGGTATAGTAG","hepatocyte"
"935","10X_P4_2_TGGGAAGTCAGAAATG","hepatocyte"
"936","10X_P4_2_TGGGCGTAGAAGGACA","hepatocyte"
"937","10X_P4_2_TGGGCGTCATACCATG","hepatocyte"
"938","10X_P4_2_TGGTTAGCAGATCGGA","hepatocyte"
"939","10X_P4_2_TGTATTCCAGTCTTCC",NA
"940","10X_P4_2_TGTATTCGTAGAGGAA","hepatocyte"
"941","10X_P4_2_TGTATTCTCGCACTCT","hepatocyte"
"942","10X_P4_2_TGTGGTAAGGATGCGT","hepatocyte"
"943","10X_P4_2_TGTGGTACATCTCGCT",NA
"944","10X_P4_2_TGTGTTTGTCTCTTAT","hepatocyte"
"945","10X_P4_2_TGTTCCGAGAAGGCCT","hepatocyte"
"946","10X_P4_2_TGTTCCGAGACAGGCT","hepatocyte"
"947","10X_P4_2_TGTTCCGAGTCGAGTG","hepatocyte"
"948","10X_P4_2_TGTTCCGGTACACCGC","hepatocyte"
"949","10X_P4_2_TGTTCCGGTAGTAGTA","hepatocyte"
"950","10X_P4_2_TGTTCCGGTTGAACTC","hepatocyte"
"951","10X_P4_2_TTAACTCAGAGAACAG","hepatocyte"
"952","10X_P4_2_TTAACTCCACCAGTTA","hepatocyte"
"953","10X_P4_2_TTAACTCCACTTCTGC","hepatocyte"
"954","10X_P4_2_TTAGGACCATTCCTCG","hepatocyte"
"955","10X_P4_2_TTAGGCACATGCAATC","hepatocyte"
"956","10X_P4_2_TTAGTTCAGATTACCC","hepatocyte"
"957","10X_P4_2_TTAGTTCGTTCCCTTG","hepatocyte"
"958","10X_P4_2_TTAGTTCGTTCTGTTT","hepatocyte"
"959","10X_P4_2_TTAGTTCGTTTAAGCC","hepatocyte"
"960","10X_P4_2_TTAGTTCTCGGTGTCG","hepatocyte"
"961","10X_P4_2_TTATGCTAGGTGTTAA","hepatocyte"
"962","10X_P4_2_TTATGCTCACCGATAT","hepatocyte"
"963","10X_P4_2_TTATGCTTCACTCCTG","hepatocyte"
"964","10X_P4_2_TTATGCTTCATGTAGC","hepatocyte"
"965","10X_P4_2_TTCCCAGTCATCGCTC","hepatocyte"
"966","10X_P4_2_TTCCCAGTCCAATGGT","hepatocyte"
"967","10X_P4_2_TTCCCAGTCCATGAAC","hepatocyte"
"968","10X_P4_2_TTCCCAGTCTATCGCC","hepatocyte"
"969","10X_P4_2_TTCGAAGAGCTGAACG",NA
"970","10X_P4_2_TTCGAAGTCCCAAGAT","hepatocyte"
"971","10X_P4_2_TTCGGTCGTAAACACA","hepatocyte"
"972","10X_P4_2_TTCGGTCGTCTAGAGG","hepatocyte"
"973","10X_P4_2_TTCGGTCGTTGGGACA","hepatocyte"
"974","10X_P4_2_TTCGGTCTCCTTTCTC","hepatocyte"
"975","10X_P4_2_TTCGGTCTCGTAGGTT","hepatocyte"
"976","10X_P4_2_TTCTACACACTTCTGC","hepatocyte"
"977","10X_P4_2_TTCTACATCCTACAGA","hepatocyte"
"978","10X_P4_2_TTCTCCTAGCAGGTCA","hepatocyte"
"979","10X_P4_2_TTCTCCTGTGACTACT","hepatocyte"
"980","10X_P4_2_TTCTTAGAGTGTCCCG","hepatocyte"
"981","10X_P4_2_TTCTTAGCAAAGAATC","hepatocyte"
"982","10X_P4_2_TTCTTAGGTAGGGACT","hepatocyte"
"983","10X_P4_2_TTGAACGAGGCATGTG","hepatocyte"
"984","10X_P4_2_TTGAACGCACGGATAG","hepatocyte"
"985","10X_P4_2_TTGAACGCAGGGTATG","hepatocyte"
"986","10X_P4_2_TTGAACGGTCATATCG","hepatocyte"
"987","10X_P4_2_TTGACTTGTCCAGTAT",NA
"988","10X_P4_2_TTGACTTTCTAAGCCA","hepatocyte"
"989","10X_P4_2_TTGCGTCAGTGTCCCG","hepatocyte"
"990","10X_P4_2_TTGCGTCCACCCATTC","hepatocyte"
"991","10X_P4_2_TTGCGTCCAGTATGCT","hepatocyte"
"992","10X_P4_2_TTGGAACAGCGATAGC","hepatocyte"
"993","10X_P4_2_TTGGCAACATGATCCA","duct epithelial cell"
"994","10X_P4_2_TTGTAGGAGGCTCTTA","hepatocyte"
"995","10X_P4_2_TTGTAGGCATGCTGGC","hepatocyte"
"996","10X_P4_2_TTTACTGAGTAGGTGC","hepatocyte"
"997","10X_P4_2_TTTACTGCAGGACGTA","duct epithelial cell"
"998","10X_P4_2_TTTATGCAGGAGTCTG","hepatocyte"
"999","10X_P4_2_TTTCCTCGTTTCGCTC","hepatocyte"
"1000","10X_P4_2_TTTGCGCAGGGCATGT","hepatocyte"
"1001","10X_P4_2_TTTGCGCCAATAGCAA","hepatocyte"
"1002","10X_P4_2_TTTGGTTGTTGTCGCG","hepatocyte"
"1003","10X_P4_2_TTTGGTTTCACGCATA","hepatocyte"
"1004","10X_P4_2_TTTGGTTTCGAATGCT","hepatocyte"
"1005","10X_P4_2_TTTGTCAAGCACAGGT","hepatocyte"
"1006","10X_P4_2_TTTGTCACACCGCTAG","hepatocyte"
"1007","10X_P7_0_AAACCTGAGCTACCTA","hepatocyte"
"1008","10X_P7_0_AAACCTGAGTACATGA","hepatocyte"
"1009","10X_P7_0_AAACGGGGTCAAAGAT","hepatocyte"
"1010","10X_P7_0_AAACGGGTCCACGAAT","hepatocyte"
"1011","10X_P7_0_AAAGATGTCATGCATG","endothelial cell of hepatic sinusoid"
"1012","10X_P7_0_AAAGTAGAGAAACCGC","hepatocyte"
"1013","10X_P7_0_AAATGCCGTTGATTGC","hepatocyte"
"1014","10X_P7_0_AACACGTCATCCGCGA","hepatocyte"
"1015","10X_P7_0_AACCGCGAGATCGGGT","hepatocyte"
"1016","10X_P7_0_AACCGCGTCAGCGATT","leukocyte"
"1017","10X_P7_0_AACTCAGGTGAACCTT","hepatocyte"
"1018","10X_P7_0_AACTCCCCACATTTCT","hepatocyte"
"1019","10X_P7_0_AACTCCCTCTTTAGTC","hepatocyte"
"1020","10X_P7_0_AACTCTTCAACGATCT","hepatocyte"
"1021","10X_P7_0_AACTGGTGTAGAGTGC","hepatocyte"
"1022","10X_P7_0_AACTGGTTCAAGGTAA","hepatocyte"
"1023","10X_P7_0_AACTGGTTCGGACAAG","hepatocyte"
"1024","10X_P7_0_AACTTTCCATGCCTTC","hepatocyte"
"1025","10X_P7_0_AAGCCGCCATCACGAT","hepatocyte"
"1026","10X_P7_0_AAGCCGCTCGTGGTCG","hepatocyte"
"1027","10X_P7_0_AAGGAGCGTGACAAAT","hepatocyte"
"1028","10X_P7_0_AAGGAGCGTGTATGGG","hepatocyte"
"1029","10X_P7_0_AAGGAGCGTTCAGACT","hepatocyte"
"1030","10X_P7_0_AAGGAGCTCGAGGTAG","hepatocyte"
"1031","10X_P7_0_AAGGCAGCAACTGGCC","hepatocyte"
"1032","10X_P7_0_AAGGCAGTCACCCTCA","hepatocyte"
"1033","10X_P7_0_AAGGTTCCATGCTGGC","hepatocyte"
"1034","10X_P7_0_AAGGTTCGTGAACCTT","hepatocyte"
"1035","10X_P7_0_AAGTCTGTCGCCAGCA","hepatocyte"
"1036","10X_P7_0_AATCCAGAGAAGCCCA","hepatocyte"
"1037","10X_P7_0_AATCCAGAGCGTAGTG","hepatocyte"
"1038","10X_P7_0_AATCCAGCACTAGTAC","hepatocyte"
"1039","10X_P7_0_AATCGGTTCACCACCT","hepatocyte"
"1040","10X_P7_0_ACACCCTAGTGCCATT","hepatocyte"
"1041","10X_P7_0_ACACCGGAGCACACAG","hepatocyte"
"1042","10X_P7_0_ACACCGGTCAATCTCT","hepatocyte"
"1043","10X_P7_0_ACACCGGTCCCATTAT","hepatocyte"
"1044","10X_P7_0_ACAGCTATCGTCTGCT","hepatocyte"
"1045","10X_P7_0_ACATCAGAGATGTTAG","hepatocyte"
"1046","10X_P7_0_ACATCAGCACATGGGA","hepatocyte"
"1047","10X_P7_0_ACATGGTGTCAAACTC","leukocyte"
"1048","10X_P7_0_ACCGTAAGTACACCGC","hepatocyte"
"1049","10X_P7_0_ACCTTTACAAGCTGGA","hepatocyte"
"1050","10X_P7_0_ACCTTTAGTAAACCTC","hepatocyte"
"1051","10X_P7_0_ACCTTTAGTCGCTTCT","hepatocyte"
"1052","10X_P7_0_ACGAGCCTCCGCGCAA","hepatocyte"
"1053","10X_P7_0_ACGATACAGATGTTAG","hepatocyte"
"1054","10X_P7_0_ACGATACAGGTGCTTT","hepatocyte"
"1055","10X_P7_0_ACGCCGAGTCTCTTAT","hepatocyte"
"1056","10X_P7_0_ACGGCCAGTGAGGGTT","hepatocyte"
"1057","10X_P7_0_ACGGGCTAGCCTCGTG","hepatocyte"
"1058","10X_P7_0_ACGGGCTGTAACGTTC","hepatocyte"
"1059","10X_P7_0_ACGGGTCCAGGAATGC","hepatocyte"
"1060","10X_P7_0_ACGGGTCCATCCTAGA","hepatocyte"
"1061","10X_P7_0_ACTGAACCAATGTAAG","hepatocyte"
"1062","10X_P7_0_ACTGAGTGTGGCCCTA","hepatocyte"
"1063","10X_P7_0_ACTGAGTTCGACAGCC","leukocyte"
"1064","10X_P7_0_ACTGATGAGGAGTCTG","endothelial cell of hepatic sinusoid"
"1065","10X_P7_0_ACTGATGGTATAAACG","hepatocyte"
"1066","10X_P7_0_ACTGCTCAGACCGGAT","hepatocyte"
"1067","10X_P7_0_ACTGCTCTCGCCATAA","hepatocyte"
"1068","10X_P7_0_ACTGCTCTCTGATACG","hepatocyte"
"1069","10X_P7_0_ACTGTCCAGCGGATCA","hepatocyte"
"1070","10X_P7_0_ACTTACTCAGATTGCT","hepatocyte"
"1071","10X_P7_0_ACTTACTTCCCATTTA",NA
"1072","10X_P7_0_ACTTTCACACCAGGCT","hepatocyte"
"1073","10X_P7_0_ACTTTCATCCAAGCCG","hepatocyte"
"1074","10X_P7_0_AGAATAGGTAGCGTCC","hepatocyte"
"1075","10X_P7_0_AGACGTTAGATCGGGT","hepatocyte"
"1076","10X_P7_0_AGAGCGAAGGCAGTCA","hepatocyte"
"1077","10X_P7_0_AGAGTGGAGATTACCC","hepatocyte"
"1078","10X_P7_0_AGAGTGGGTTGATTGC","hepatocyte"
"1079","10X_P7_0_AGAGTGGTCTGTGCAA","hepatocyte"
"1080","10X_P7_0_AGAGTGGTCTTTAGGG","hepatocyte"
"1081","10X_P7_0_AGATCTGTCAGCTCGG","hepatocyte"
"1082","10X_P7_0_AGATCTGTCCATTCTA","hepatocyte"
"1083","10X_P7_0_AGATTGCGTGATAAGT","hepatocyte"
"1084","10X_P7_0_AGCAGCCCATCTACGA","hepatocyte"
"1085","10X_P7_0_AGCATACGTCCAGTGC","hepatocyte"
"1086","10X_P7_0_AGCCTAAGTGCCTGGT","hepatocyte"
"1087","10X_P7_0_AGCGGTCTCATGCATG","hepatocyte"
"1088","10X_P7_0_AGCGTATAGCTGTCTA","hepatocyte"
"1089","10X_P7_0_AGCGTATGTCCTAGCG","hepatocyte"
"1090","10X_P7_0_AGCGTCGCATTCTCAT","hepatocyte"
"1091","10X_P7_0_AGCTCCTCATCCGTGG","hepatocyte"
"1092","10X_P7_0_AGCTCTCCATCTACGA","hepatocyte"
"1093","10X_P7_0_AGCTTGACATTTCAGG","hepatocyte"
"1094","10X_P7_0_AGCTTGATCAAACCAC","hepatocyte"
"1095","10X_P7_0_AGCTTGATCCCTGACT","hepatocyte"
"1096","10X_P7_0_AGCTTGATCGTCTGCT","hepatocyte"
"1097","10X_P7_0_AGGCCGTAGTGCCATT","hepatocyte"
"1098","10X_P7_0_AGGGAGTGTGAGCGAT","leukocyte"
"1099","10X_P7_0_AGGGATGAGTACTTGC","hepatocyte"
"1100","10X_P7_0_AGGGTGAGTGAGGCTA","hepatocyte"
"1101","10X_P7_0_AGGGTGATCAGCTCGG","hepatocyte"
"1102","10X_P7_0_AGGTCATCAGGTCTCG","hepatocyte"
"1103","10X_P7_0_AGGTCATCAGTCAGAG","hepatocyte"
"1104","10X_P7_0_AGGTCCGGTAGAGCTG","hepatocyte"
"1105","10X_P7_0_AGGTCCGTCAACCATG","hepatocyte"
"1106","10X_P7_0_AGTAGTCAGGCATGTG","hepatocyte"
"1107","10X_P7_0_AGTAGTCTCTTGTCAT","hepatocyte"
"1108","10X_P7_0_AGTGAGGAGTACGTTC","hepatocyte"
"1109","10X_P7_0_AGTGAGGCACTCGACG","hepatocyte"
"1110","10X_P7_0_AGTGAGGTCTCGCTTG","hepatocyte"
"1111","10X_P7_0_AGTGAGGTCTTGCATT","hepatocyte"
"1112","10X_P7_0_AGTGGGAGTCACTGGC","hepatocyte"
"1113","10X_P7_0_AGTGGGATCACAGTAC","hepatocyte"
"1114","10X_P7_0_AGTGTCAGTCGAATCT","hepatocyte"
"1115","10X_P7_0_ATAACGCCACAACGCC","hepatocyte"
"1116","10X_P7_0_ATAACGCTCGTGGTCG","hepatocyte"
"1117","10X_P7_0_ATAGACCAGATCTGCT","hepatocyte"
"1118","10X_P7_0_ATAGACCAGCTCCTCT","hepatocyte"
"1119","10X_P7_0_ATAGACCTCTTGCCGT","hepatocyte"
"1120","10X_P7_0_ATCACGAAGGCTATCT","leukocyte"
"1121","10X_P7_0_ATCATCTAGTTACGGG","hepatocyte"
"1122","10X_P7_0_ATCATCTGTCTTGCGG","hepatocyte"
"1123","10X_P7_0_ATCCACCAGGCTATCT","hepatocyte"
"1124","10X_P7_0_ATCCACCAGTAAGTAC","hepatocyte"
"1125","10X_P7_0_ATCCACCTCAGGCGAA","hepatocyte"
"1126","10X_P7_0_ATCCGAAAGTGTCCAT","hepatocyte"
"1127","10X_P7_0_ATCCGAATCAAACGGG","hepatocyte"
"1128","10X_P7_0_ATCGAGTGTGTCGCTG","hepatocyte"
"1129","10X_P7_0_ATCTACTGTAAGGGCT","hepatocyte"
"1130","10X_P7_0_ATCTACTTCAATACCG","hepatocyte"
"1131","10X_P7_0_ATCTGCCCAGAGTGTG","hepatocyte"
"1132","10X_P7_0_ATCTGCCCAGGGTATG","hepatocyte"
"1133","10X_P7_0_ATGAGGGCATGCTGGC","leukocyte"
"1134","10X_P7_0_ATGAGGGGTACCGCTG","leukocyte"
"1135","10X_P7_0_ATGGGAGGTCCTCTTG","hepatocyte"
"1136","10X_P7_0_ATGGGAGGTGTGTGCC","hepatocyte"
"1137","10X_P7_0_ATGTGTGCAAGAAGAG","hepatocyte"
"1138","10X_P7_0_ATGTGTGTCCCTCTTT","hepatocyte"
"1139","10X_P7_0_ATTATCCAGATGTGTA","hepatocyte"
"1140","10X_P7_0_ATTCTACGTCCGTCAG","hepatocyte"
"1141","10X_P7_0_ATTCTACTCTGACCTC","hepatocyte"
"1142","10X_P7_0_ATTGGACCAGTAGAGC","hepatocyte"
"1143","10X_P7_0_ATTGGTGGTATATCCG","leukocyte"
"1144","10X_P7_0_CAACCAAGTTACCAGT","hepatocyte"
"1145","10X_P7_0_CAACCAATCACTCCTG","hepatocyte"
"1146","10X_P7_0_CAACCTCCATGGTCTA","hepatocyte"
"1147","10X_P7_0_CAACCTCTCTGCGTAA","hepatocyte"
"1148","10X_P7_0_CAAGAAAAGCTCAACT","hepatocyte"
"1149","10X_P7_0_CAAGAAAGTTCTCATT","hepatocyte"
"1150","10X_P7_0_CAAGGCCAGGTCGGAT","hepatocyte"
"1151","10X_P7_0_CAAGGCCCAAACTGCT","hepatocyte"
"1152","10X_P7_0_CACAAACCATGGTCTA","hepatocyte"
"1153","10X_P7_0_CACAAACGTTATTCTC","hepatocyte"
"1154","10X_P7_0_CACACCTAGTACATGA","hepatocyte"
"1155","10X_P7_0_CACACCTGTCTAGAGG","hepatocyte"
"1156","10X_P7_0_CACAGGCCACTATCTT","hepatocyte"
"1157","10X_P7_0_CACAGTAAGGGTCTCC","hepatocyte"
"1158","10X_P7_0_CACATTTCAAACGCGA","endothelial cell of hepatic sinusoid"
"1159","10X_P7_0_CACATTTCAATAGAGT","hepatocyte"
"1160","10X_P7_0_CACCACTGTAGTGAAT","hepatocyte"
"1161","10X_P7_0_CACCAGGCAATAAGCA","hepatocyte"
"1162","10X_P7_0_CACCAGGCACTTACGA","hepatocyte"
"1163","10X_P7_0_CACCAGGGTAACGTTC","hepatocyte"
"1164","10X_P7_0_CACCTTGGTCAAGCGA","hepatocyte"
"1165","10X_P7_0_CACCTTGTCTTCAACT","hepatocyte"
"1166","10X_P7_0_CACTCCAAGAATTCCC","hepatocyte"
"1167","10X_P7_0_CACTCCACATTCTCAT","endothelial cell of hepatic sinusoid"
"1168","10X_P7_0_CACTCCAGTGCTTCTC","hepatocyte"
"1169","10X_P7_0_CACTCCATCAAAGTAG","hepatocyte"
"1170","10X_P7_0_CAGAGAGCAAGACACG","hepatocyte"
"1171","10X_P7_0_CAGATCACAGCGAACA","hepatocyte"
"1172","10X_P7_0_CAGCCGACAGGGTACA","hepatocyte"
"1173","10X_P7_0_CAGCGACCACTTACGA","hepatocyte"
"1174","10X_P7_0_CAGCGACTCGGAGCAA","hepatocyte"
"1175","10X_P7_0_CAGCTAAAGTATCGAA","hepatocyte"
"1176","10X_P7_0_CAGGTGCCAAAGGCGT","hepatocyte"
"1177","10X_P7_0_CAGGTGCCACAGCGTC","hepatocyte"
"1178","10X_P7_0_CAGTAACGTAGGACAC","hepatocyte"
"1179","10X_P7_0_CAGTCCTCAGTGGGAT","hepatocyte"
"1180","10X_P7_0_CAGTCCTCATATGAGA","hepatocyte"
"1181","10X_P7_0_CAGTCCTTCGGAGCAA","hepatocyte"
"1182","10X_P7_0_CATATGGGTGACAAAT","hepatocyte"
"1183","10X_P7_0_CATATGGTCAAGGCTT","hepatocyte"
"1184","10X_P7_0_CATATTCAGCCTATGT","hepatocyte"
"1185","10X_P7_0_CATATTCCACTTAACG","hepatocyte"
"1186","10X_P7_0_CATCAAGGTCAGAATA","hepatocyte"
"1187","10X_P7_0_CATCAGATCCAAGCCG","hepatocyte"
"1188","10X_P7_0_CATCGAAGTCGCTTCT","leukocyte"
"1189","10X_P7_0_CATCGGGCAATAGCGG","hepatocyte"
"1190","10X_P7_0_CATGCCTGTAGCGCTC","hepatocyte"
"1191","10X_P7_0_CATTCGCAGACTCGGA","hepatocyte"
"1192","10X_P7_0_CATTCGCAGGGCTCTC","hepatocyte"
"1193","10X_P7_0_CATTCGCCATTCACTT","hepatocyte"
"1194","10X_P7_0_CCACCTATCGAATCCA","hepatocyte"
"1195","10X_P7_0_CCACGGACAAGCTGGA","hepatocyte"
"1196","10X_P7_0_CCACGGACATCTACGA","hepatocyte"
"1197","10X_P7_0_CCACTACAGTGTACCT","hepatocyte"
"1198","10X_P7_0_CCACTACCAGAGTGTG","hepatocyte"
"1199","10X_P7_0_CCACTACGTCGCGGTT","hepatocyte"
"1200","10X_P7_0_CCAGCGAGTATTCTCT","hepatocyte"
"1201","10X_P7_0_CCAGCGAGTTCTCATT","hepatocyte"
"1202","10X_P7_0_CCATGTCCACTATCTT","hepatocyte"
"1203","10X_P7_0_CCATTCGGTTACGCGC","hepatocyte"
"1204","10X_P7_0_CCCAGTTGTAAGGATT","hepatocyte"
"1205","10X_P7_0_CCCAGTTGTAGAGCTG","hepatocyte"
"1206","10X_P7_0_CCCATACTCTAGCACA","endothelial cell of hepatic sinusoid"
"1207","10X_P7_0_CCCTCCTAGAGCTATA","hepatocyte"
"1208","10X_P7_0_CCCTCCTGTTCAGACT","hepatocyte"
"1209","10X_P7_0_CCGGGATCACAGAGGT","hepatocyte"
"1210","10X_P7_0_CCGGGATTCACAGGCC","hepatocyte"
"1211","10X_P7_0_CCGGTAGAGCGACGTA","hepatocyte"
"1212","10X_P7_0_CCGGTAGCATCGACGC","hepatocyte"
"1213","10X_P7_0_CCGGTAGTCACGATGT","hepatocyte"
"1214","10X_P7_0_CCGTGGACAAACTGCT","hepatocyte"
"1215","10X_P7_0_CCGTTCACAGCTGGCT","hepatocyte"
"1216","10X_P7_0_CCGTTCATCGCCGTGA","hepatocyte"
"1217","10X_P7_0_CCTACACAGAGACGAA","hepatocyte"
"1218","10X_P7_0_CCTACACTCACGATGT","hepatocyte"
"1219","10X_P7_0_CCTACACTCGGTCCGA","leukocyte"
"1220","10X_P7_0_CCTACACTCTGACCTC","hepatocyte"
"1221","10X_P7_0_CCTACCAAGCAGACTG","hepatocyte"
"1222","10X_P7_0_CCTACCAGTGCTAGCC","hepatocyte"
"1223","10X_P7_0_CCTACCATCATATCGG","hepatocyte"
"1224","10X_P7_0_CCTAGCTAGTCAAGCG","hepatocyte"
"1225","10X_P7_0_CCTAGCTAGTTCGATC","hepatocyte"
"1226","10X_P7_0_CCTAGCTTCGTACGGC","hepatocyte"
"1227","10X_P7_0_CCTATTAAGCTCTCGG","hepatocyte"
"1228","10X_P7_0_CCTCAGTAGACTAGAT","hepatocyte"
"1229","10X_P7_0_CCTCAGTCACACCGCA","hepatocyte"
"1230","10X_P7_0_CCTCTGACACATGTGT","hepatocyte"
"1231","10X_P7_0_CCTCTGAGTGTTTGTG","hepatocyte"
"1232","10X_P7_0_CCTTACGGTCGATTGT","hepatocyte"
"1233","10X_P7_0_CCTTCCCAGCCATCGC","hepatocyte"
"1234","10X_P7_0_CCTTCCCAGGCAAAGA","hepatocyte"
"1235","10X_P7_0_CCTTCCCCAGCCACCA","hepatocyte"
"1236","10X_P7_0_CCTTCCCTCCGTAGGC","hepatocyte"
"1237","10X_P7_0_CCTTCGATCACCTCGT","hepatocyte"
"1238","10X_P7_0_CCTTTCTAGGGATGGG",NA
"1239","10X_P7_0_CCTTTCTGTCGGCACT","hepatocyte"
"1240","10X_P7_0_CCTTTCTGTTGGTAAA","hepatocyte"
"1241","10X_P7_0_CCTTTCTTCCCTAACC","hepatocyte"
"1242","10X_P7_0_CGAACATAGACCCACC","hepatocyte"
"1243","10X_P7_0_CGAACATTCATGCAAC","hepatocyte"
"1244","10X_P7_0_CGAACATTCGGCATCG","hepatocyte"
"1245","10X_P7_0_CGAATGTGTCCGAATT","hepatocyte"
"1246","10X_P7_0_CGAGCACGTCGAATCT","hepatocyte"
"1247","10X_P7_0_CGAGCCAAGAGACGAA","hepatocyte"
"1248","10X_P7_0_CGATCGGGTCAATACC","hepatocyte"
"1249","10X_P7_0_CGATCGGGTGGGTATG","hepatocyte"
"1250","10X_P7_0_CGATCGGTCAGCGATT","hepatocyte"
"1251","10X_P7_0_CGATCGGTCGGTGTTA","hepatocyte"
"1252","10X_P7_0_CGATGGCCACAACGCC","hepatocyte"
"1253","10X_P7_0_CGATGGCCATCGTCGG","hepatocyte"
"1254","10X_P7_0_CGCCAAGGTTATGTGC","hepatocyte"
"1255","10X_P7_0_CGCGGTATCAGGCAAG","hepatocyte"
"1256","10X_P7_0_CGCGGTATCCGTCATC","hepatocyte"
"1257","10X_P7_0_CGCTTCAAGAGACTTA","hepatocyte"
"1258","10X_P7_0_CGCTTCATCATCTGTT","hepatocyte"
"1259","10X_P7_0_CGGACGTAGAGTAATC","hepatocyte"
"1260","10X_P7_0_CGGACTGTCAGAGGTG","hepatocyte"
"1261","10X_P7_0_CGGAGCTCAGACGCAA","hepatocyte"
"1262","10X_P7_0_CGGAGCTCATGATCCA","hepatocyte"
"1263","10X_P7_0_CGGCTAGCACCTCGTT","hepatocyte"
"1264","10X_P7_0_CGGGTCAAGACTTTCG","hepatocyte"
"1265","10X_P7_0_CGGGTCAAGCTTATCG","hepatocyte"
"1266","10X_P7_0_CGGGTCATCGCGCCAA","hepatocyte"
"1267","10X_P7_0_CGGGTCATCTAACTTC","hepatocyte"
"1268","10X_P7_0_CGGTTAAAGGGCTCTC","hepatocyte"
"1269","10X_P7_0_CGGTTAACATTGGTAC","hepatocyte"
"1270","10X_P7_0_CGGTTAATCAGCTCGG","hepatocyte"
"1271","10X_P7_0_CGGTTAATCGCTAGCG","hepatocyte"
"1272","10X_P7_0_CGTAGCGTCCGCAGTG","hepatocyte"
"1273","10X_P7_0_CGTAGGCGTGGGTCAA","hepatocyte"
"1274","10X_P7_0_CGTAGGCGTTCATGGT","hepatocyte"
"1275","10X_P7_0_CGTAGGCTCAGCTCTC","hepatocyte"
"1276","10X_P7_0_CGTCAGGTCCTACAGA","hepatocyte"
"1277","10X_P7_0_CGTCCATCATCGTCGG","hepatocyte"
"1278","10X_P7_0_CGTGAGCCACCAGTTA","hepatocyte"
"1279","10X_P7_0_CGTGAGCGTCCATGAT","hepatocyte"
"1280","10X_P7_0_CGTGAGCGTCGAATCT","hepatocyte"
"1281","10X_P7_0_CGTGTAAGTCAAAGAT","hepatocyte"
"1282","10X_P7_0_CGTGTAAGTGTATGGG","hepatocyte"
"1283","10X_P7_0_CGTGTAATCCTTTACA","hepatocyte"
"1284","10X_P7_0_CGTTCTGGTGTGACCC","hepatocyte"
"1285","10X_P7_0_CGTTGGGTCAACACAC","hepatocyte"
"1286","10X_P7_0_CTAATGGGTTAGTGGG","hepatocyte"
"1287","10X_P7_0_CTACACCCAGAGCCAA","hepatocyte"
"1288","10X_P7_0_CTACACCCAGCCACCA","hepatocyte"
"1289","10X_P7_0_CTACATTAGTTGAGAT","hepatocyte"
"1290","10X_P7_0_CTACATTGTGTCCTCT","hepatocyte"
"1291","10X_P7_0_CTACATTTCAGGATCT","hepatocyte"
"1292","10X_P7_0_CTACATTTCTGATTCT","hepatocyte"
"1293","10X_P7_0_CTACCCACAGACAAGC","hepatocyte"
"1294","10X_P7_0_CTACCCACAGCCAATT","hepatocyte"
"1295","10X_P7_0_CTACGTCAGTACGTTC","hepatocyte"
"1296","10X_P7_0_CTAGAGTGTCATTAGC","hepatocyte"
"1297","10X_P7_0_CTAGCCTAGCTGATAA","hepatocyte"
"1298","10X_P7_0_CTAGCCTGTAACGTTC","hepatocyte"
"1299","10X_P7_0_CTAGTGAAGAGCAATT","hepatocyte"
"1300","10X_P7_0_CTAGTGATCGCGCCAA","hepatocyte"
"1301","10X_P7_0_CTCACACAGTTAAGTG","hepatocyte"
"1302","10X_P7_0_CTCACACCATTCCTCG","hepatocyte"
"1303","10X_P7_0_CTCACACGTCGATTGT","hepatocyte"
"1304","10X_P7_0_CTCAGAAAGTACGTTC","hepatocyte"
"1305","10X_P7_0_CTCAGAACAACGATCT","hepatocyte"
"1306","10X_P7_0_CTCAGAACATATGCTG","hepatocyte"
"1307","10X_P7_0_CTCAGAAGTACCCAAT","hepatocyte"
"1308","10X_P7_0_CTCAGAAGTCTCCATC","hepatocyte"
"1309","10X_P7_0_CTCATTATCATTTGGG","hepatocyte"
"1310","10X_P7_0_CTCCTAGTCTGATACG","hepatocyte"
"1311","10X_P7_0_CTCGAAAGTAGGCTGA","hepatocyte"
"1312","10X_P7_0_CTCGAGGAGCTGCAAG","hepatocyte"
"1313","10X_P7_0_CTCGAGGTCAAACCGT","hepatocyte"
"1314","10X_P7_0_CTCGAGGTCAGTCAGT","hepatocyte"
"1315","10X_P7_0_CTCGGAGAGAAACCTA","hepatocyte"
"1316","10X_P7_0_CTCGGAGCAATACGCT","leukocyte"
"1317","10X_P7_0_CTCGGAGTCGTGGTCG","hepatocyte"
"1318","10X_P7_0_CTCGGAGTCTCGGACG","hepatocyte"
"1319","10X_P7_0_CTCGGGACATCGATTG","hepatocyte"
"1320","10X_P7_0_CTCGTACGTATAGTAG","hepatocyte"
"1321","10X_P7_0_CTCGTCAGTCAATACC","hepatocyte"
"1322","10X_P7_0_CTCGTCATCCCTTGTG","hepatocyte"
"1323","10X_P7_0_CTCTAATGTCGTTGTA","hepatocyte"
"1324","10X_P7_0_CTCTAATTCCTATTCA","hepatocyte"
"1325","10X_P7_0_CTCTACGAGAGTTGGC","hepatocyte"
"1326","10X_P7_0_CTGAAGTGTGAGGCTA","leukocyte"
"1327","10X_P7_0_CTGATAGCATCGGAAG","hepatocyte"
"1328","10X_P7_0_CTGATCCTCCCATTTA","hepatocyte"
"1329","10X_P7_0_CTGCCTAGTCCGCTGA","endothelial cell of hepatic sinusoid"
"1330","10X_P7_0_CTGCGGAAGGCAGTCA","hepatocyte"
"1331","10X_P7_0_CTGCGGACAGGGCATA","hepatocyte"
"1332","10X_P7_0_CTGCTGTGTGTTAAGA","hepatocyte"
"1333","10X_P7_0_CTGTGCTGTAGGGACT","hepatocyte"
"1334","10X_P7_0_CTGTGCTTCCCTTGTG","hepatocyte"
"1335","10X_P7_0_CTGTTTAAGTGGGCTA","hepatocyte"
"1336","10X_P7_0_CTGTTTAGTCTGCCAG","hepatocyte"
"1337","10X_P7_0_CTGTTTATCTGAAAGA","hepatocyte"
"1338","10X_P7_0_CTTAACTTCGGCGGTT","hepatocyte"
"1339","10X_P7_0_CTTAGGAAGTTGTAGA","hepatocyte"
"1340","10X_P7_0_CTTAGGATCAGAGACG","leukocyte"
"1341","10X_P7_0_CTTTGCGCATTGGGCC","hepatocyte"
"1342","10X_P7_0_GAAACTCGTGATGCCC","hepatocyte"
"1343","10X_P7_0_GAAACTCTCGGTGTCG","hepatocyte"
"1344","10X_P7_0_GAAATGAAGGACAGCT","hepatocyte"
"1345","10X_P7_0_GAAATGAGTCGCGGTT","hepatocyte"
"1346","10X_P7_0_GAACATCGTCTAAAGA","hepatocyte"
"1347","10X_P7_0_GAACATCTCAGAGACG","hepatocyte"
"1348","10X_P7_0_GAACATCTCGCCTGTT","hepatocyte"
"1349","10X_P7_0_GAACCTACAACTTGAC","hepatocyte"
"1350","10X_P7_0_GAAGCAGTCGCCTGAG","endothelial cell of hepatic sinusoid"
"1351","10X_P7_0_GAATAAGGTCCAGTGC","hepatocyte"
"1352","10X_P7_0_GACAGAGAGTGGCACA","hepatocyte"
"1353","10X_P7_0_GACCAATAGCCTCGTG","hepatocyte"
"1354","10X_P7_0_GACCAATCAGGGATTG","hepatocyte"
"1355","10X_P7_0_GACGGCTTCCCATTTA","hepatocyte"
"1356","10X_P7_0_GACGTGCAGTGGAGTC","hepatocyte"
"1357","10X_P7_0_GACGTGCGTTTGTGTG","hepatocyte"
"1358","10X_P7_0_GACTAACTCTATGTGG","hepatocyte"
"1359","10X_P7_0_GACTGCGCAATGAATG","hepatocyte"
"1360","10X_P7_0_GAGCAGAAGGGCTCTC","hepatocyte"
"1361","10X_P7_0_GAGTCCGTCATAACCG","hepatocyte"
"1362","10X_P7_0_GATCAGTAGTCGTTTG","hepatocyte"
"1363","10X_P7_0_GATCAGTGTGTAAGTA","hepatocyte"
"1364","10X_P7_0_GATCAGTTCTCGTTTA","hepatocyte"
"1365","10X_P7_0_GATCGATCAGCATGAG","hepatocyte"
"1366","10X_P7_0_GATCGATGTCCGAATT","hepatocyte"
"1367","10X_P7_0_GATCGCGCACATTCGA","hepatocyte"
"1368","10X_P7_0_GATCTAGCATTCGACA","hepatocyte"
"1369","10X_P7_0_GATGAGGGTACCGTAT","hepatocyte"
"1370","10X_P7_0_GATTCAGTCGCAAACT","hepatocyte"
"1371","10X_P7_0_GCAAACTTCTCGAGTA","hepatocyte"
"1372","10X_P7_0_GCAATCACAGTAACGG","hepatocyte"
"1373","10X_P7_0_GCACTCTCACACCGAC","hepatocyte"
"1374","10X_P7_0_GCACTCTCATTATCTC","hepatocyte"
"1375","10X_P7_0_GCACTCTTCAGGATCT","hepatocyte"
"1376","10X_P7_0_GCAGTTAGTTCCCGAG","hepatocyte"
"1377","10X_P7_0_GCAGTTATCTCGCATC","hepatocyte"
"1378","10X_P7_0_GCATACAAGCCAGAAC","hepatocyte"
"1379","10X_P7_0_GCATACACACGTTGGC","hepatocyte"
"1380","10X_P7_0_GCATACAGTGGCAAAC","hepatocyte"
"1381","10X_P7_0_GCATGCGGTAGCCTCG","hepatocyte"
"1382","10X_P7_0_GCATGTAGTGATAAAC","hepatocyte"
"1383","10X_P7_0_GCGACCAAGACTAAGT","hepatocyte"
"1384","10X_P7_0_GCGACCAAGTTAGCGG","hepatocyte"
"1385","10X_P7_0_GCGAGAAGTGGTCTCG","hepatocyte"
"1386","10X_P7_0_GCGCAACGTGTGGTTT","hepatocyte"
"1387","10X_P7_0_GCGCGATAGCCGTCGT","hepatocyte"
"1388","10X_P7_0_GCGGGTTCATTGAGCT","hepatocyte"
"1389","10X_P7_0_GCTCCTATCATAGCAC","hepatocyte"
"1390","10X_P7_0_GCTGCAGCAGGTCTCG","hepatocyte"
"1391","10X_P7_0_GCTGCGAAGATATGCA",NA
"1392","10X_P7_0_GCTGCGAAGCCAGGAT","leukocyte"
"1393","10X_P7_0_GCTGCGAGTGCAACTT","hepatocyte"
"1394","10X_P7_0_GCTGGGTTCTCACATT","hepatocyte"
"1395","10X_P7_0_GCTTCCACACTTCTGC","hepatocyte"
"1396","10X_P7_0_GCTTCCAGTACGCACC","hepatocyte"
"1397","10X_P7_0_GGAAAGCCATTAGCCA","hepatocyte"
"1398","10X_P7_0_GGAATAATCAGTGTTG","hepatocyte"
"1399","10X_P7_0_GGAATAATCGCCAAAT","hepatocyte"
"1400","10X_P7_0_GGACAGATCCCTTGCA","hepatocyte"
"1401","10X_P7_0_GGACGTCAGGGAGTAA","hepatocyte"
"1402","10X_P7_0_GGAGCAAAGAAGCCCA","hepatocyte"
"1403","10X_P7_0_GGAGCAACATCCTAGA","hepatocyte"
"1404","10X_P7_0_GGATGTTTCTGAGTGT","hepatocyte"
"1405","10X_P7_0_GGATTACGTCTTCAAG","hepatocyte"
"1406","10X_P7_0_GGCAATTTCGTGACAT","hepatocyte"
"1407","10X_P7_0_GGCGACTAGAGACGAA","hepatocyte"
"1408","10X_P7_0_GGCGACTCATCGGAAG","hepatocyte"
"1409","10X_P7_0_GGCGTGTGTGACAAAT","hepatocyte"
"1410","10X_P7_0_GGCGTGTGTTAAGACA","hepatocyte"
"1411","10X_P7_0_GGCTCGACATTTGCTT","hepatocyte"
"1412","10X_P7_0_GGCTCGAGTAAATACG","leukocyte"
"1413","10X_P7_0_GGCTCGAGTATTCGTG","hepatocyte"
"1414","10X_P7_0_GGCTCGAGTTACGACT","hepatocyte"
"1415","10X_P7_0_GGCTGGTCAGTCGTGC","hepatocyte"
"1416","10X_P7_0_GGCTGGTTCACCTCGT","hepatocyte"
"1417","10X_P7_0_GGGACCTAGTGTACCT","hepatocyte"
"1418","10X_P7_0_GGGACCTTCTGGTATG","hepatocyte"
"1419","10X_P7_0_GGGAGATCACTTCTGC","hepatocyte"
"1420","10X_P7_0_GGGAGATCATAGAAAC","hepatocyte"
"1421","10X_P7_0_GGGAGATTCACTTATC","hepatocyte"
"1422","10X_P7_0_GGGAGATTCCCAGGTG","hepatocyte"
"1423","10X_P7_0_GGGCACTGTATCGCAT","hepatocyte"
"1424","10X_P7_0_GGGTTGCGTGTAAGTA","hepatocyte"
"1425","10X_P7_0_GGTATTGCACATTAGC","hepatocyte"
"1426","10X_P7_0_GGTATTGCAGATCCAT","endothelial cell of hepatic sinusoid"
"1427","10X_P7_0_GGTATTGTCTGCCAGG","hepatocyte"
"1428","10X_P7_0_GGTGAAGTCCAAACAC","hepatocyte"
"1429","10X_P7_0_GGTGCGTCAGTGAGTG","hepatocyte"
"1430","10X_P7_0_GGTGCGTTCAGTTGAC","hepatocyte"
"1431","10X_P7_0_GGTGTTAAGATCTGAA","hepatocyte"
"1432","10X_P7_0_GGTGTTATCGCATGAT","hepatocyte"
"1433","10X_P7_0_GTAACTGTCCTTGACC","hepatocyte"
"1434","10X_P7_0_GTAACTGTCTGCAGTA","hepatocyte"
"1435","10X_P7_0_GTACTTTCAGCTGTAT","hepatocyte"
"1436","10X_P7_0_GTACTTTGTAATAGCA","hepatocyte"
"1437","10X_P7_0_GTAGTCACACGCTTTC","hepatocyte"
"1438","10X_P7_0_GTAGTCACAGTCTTCC","hepatocyte"
"1439","10X_P7_0_GTAGTCATCCGCATCT","hepatocyte"
"1440","10X_P7_0_GTCAAGTTCAACGGGA","endothelial cell of hepatic sinusoid"
"1441","10X_P7_0_GTCAAGTTCGGCTTGG","hepatocyte"
"1442","10X_P7_0_GTCACGGGTTATCACG","hepatocyte"
"1443","10X_P7_0_GTCACGGTCTCTTATG","hepatocyte"
"1444","10X_P7_0_GTCATTTCAGTAAGCG","hepatocyte"
"1445","10X_P7_0_GTCCTCAAGAGGTAGA","hepatocyte"
"1446","10X_P7_0_GTCCTCACAAGTAATG","hepatocyte"
"1447","10X_P7_0_GTCGGGTAGGATGCGT","endothelial cell of hepatic sinusoid"
"1448","10X_P7_0_GTCGGGTGTCACACGC","hepatocyte"
"1449","10X_P7_0_GTCGGGTGTGGTTTCA","hepatocyte"
"1450","10X_P7_0_GTCTCGTAGTCGTTTG","hepatocyte"
"1451","10X_P7_0_GTCTCGTCAGGTCCAC","hepatocyte"
"1452","10X_P7_0_GTCTCGTGTCTCAACA","endothelial cell of hepatic sinusoid"
"1453","10X_P7_0_GTCTTCGCACCCATTC","hepatocyte"
"1454","10X_P7_0_GTGAAGGAGTTTCCTT","hepatocyte"
"1455","10X_P7_0_GTGAAGGCAAACAACA","hepatocyte"
"1456","10X_P7_0_GTGAAGGCAACCGCCA","hepatocyte"
"1457","10X_P7_0_GTGAAGGGTCCTCTTG","hepatocyte"
"1458","10X_P7_0_GTGAAGGTCCAGAGGA","hepatocyte"
"1459","10X_P7_0_GTGAAGGTCGACGGAA","hepatocyte"
"1460","10X_P7_0_GTGCAGCAGACGCAAC","hepatocyte"
"1461","10X_P7_0_GTGCATATCGTATCAG","hepatocyte"
"1462","10X_P7_0_GTGCGGTGTCGAGATG","hepatocyte"
"1463","10X_P7_0_GTGCTTCCAGACGCTC","hepatocyte"
"1464","10X_P7_0_GTGGGTCAGAATTGTG","hepatocyte"
"1465","10X_P7_0_GTGTTAGTCTGTGCAA","hepatocyte"
"1466","10X_P7_0_GTTACAGCACCCAGTG","hepatocyte"
"1467","10X_P7_0_GTTACAGGTTCCTCCA","hepatocyte"
"1468","10X_P7_0_GTTCATTGTCCGTTAA","hepatocyte"
"1469","10X_P7_0_GTTCTCGGTTCGTTGA","hepatocyte"
"1470","10X_P7_0_GTTTCTAGTGTCCTCT","hepatocyte"
"1471","10X_P7_0_TAAACCGGTAAACCTC","hepatocyte"
"1472","10X_P7_0_TAAACCGTCACAGGCC","hepatocyte"
"1473","10X_P7_0_TAAACCGTCACTTACT","hepatocyte"
"1474","10X_P7_0_TAAGAGACACATAACC","hepatocyte"
"1475","10X_P7_0_TAAGAGAGTGTCGCTG","hepatocyte"
"1476","10X_P7_0_TAAGCGTCACCATGTA","hepatocyte"
"1477","10X_P7_0_TAAGCGTGTATATCCG","hepatocyte"
"1478","10X_P7_0_TAAGCGTGTGCGAAAC","hepatocyte"
"1479","10X_P7_0_TAAGCGTTCGGCATCG","hepatocyte"
"1480","10X_P7_0_TACAGTGCAATAGCGG","hepatocyte"
"1481","10X_P7_0_TACCTATCATGCAATC","leukocyte"
"1482","10X_P7_0_TACCTATGTCCATCCT","endothelial cell of hepatic sinusoid"
"1483","10X_P7_0_TACCTTAAGCAGGTCA","hepatocyte"
"1484","10X_P7_0_TACCTTAAGCTATGCT","hepatocyte"
"1485","10X_P7_0_TACCTTAAGGTGGGTT","hepatocyte"
"1486","10X_P7_0_TACCTTACACAACGCC","hepatocyte"
"1487","10X_P7_0_TACCTTATCCAGAAGG","hepatocyte"
"1488","10X_P7_0_TACGGGCAGGACCACA","hepatocyte"
"1489","10X_P7_0_TACGGGCCACTTCTGC","hepatocyte"
"1490","10X_P7_0_TACGGTATCGTACGGC","hepatocyte"
"1491","10X_P7_0_TACTCATGTATTAGCC","hepatocyte"
"1492","10X_P7_0_TACTTACCAATGCCAT","hepatocyte"
"1493","10X_P7_0_TACTTACTCAAGGTAA","hepatocyte"
"1494","10X_P7_0_TACTTGTGTCTAGCGC","hepatocyte"
"1495","10X_P7_0_TAGCCGGGTCGGCATC","hepatocyte"
"1496","10X_P7_0_TAGCCGGGTGCGAAAC","hepatocyte"
"1497","10X_P7_0_TAGGCATCATGACATC","hepatocyte"
"1498","10X_P7_0_TAGTGGTTCAACGGGA","hepatocyte"
"1499","10X_P7_0_TATCAGGAGTTGCAGG","hepatocyte"
"1500","10X_P7_0_TATCAGGCAGCGTTCG","hepatocyte"
"1501","10X_P7_0_TATCAGGTCACAGGCC","hepatocyte"
"1502","10X_P7_0_TATCTCAAGCTGCCCA","hepatocyte"
"1503","10X_P7_0_TATTACCAGCATCATC","hepatocyte"
"1504","10X_P7_0_TATTACCTCTGATACG","hepatocyte"
"1505","10X_P7_0_TCAACGATCGTAGGTT","hepatocyte"
"1506","10X_P7_0_TCAATCTAGGAATGGA","hepatocyte"
"1507","10X_P7_0_TCACAAGGTAAACCTC","hepatocyte"
"1508","10X_P7_0_TCACAAGGTAAGTGGC","hepatocyte"
"1509","10X_P7_0_TCACGAAGTTCAGTAC","hepatocyte"
"1510","10X_P7_0_TCACGAATCATCACCC","hepatocyte"
"1511","10X_P7_0_TCAGATGAGATATGCA","hepatocyte"
"1512","10X_P7_0_TCAGCAAAGTTGTCGT","hepatocyte"
"1513","10X_P7_0_TCAGCTCCAGTACACT","hepatocyte"
"1514","10X_P7_0_TCAGCTCTCCCTAATT","hepatocyte"
"1515","10X_P7_0_TCAGGATCAGCCTTTC","hepatocyte"
"1516","10X_P7_0_TCAGGTAAGTTTCCTT","hepatocyte"
"1517","10X_P7_0_TCATTTGTCTCTGTCG","hepatocyte"
"1518","10X_P7_0_TCGAGGCGTGCAGGTA","hepatocyte"
"1519","10X_P7_0_TCGAGGCGTTAGGGTG","hepatocyte"
"1520","10X_P7_0_TCGAGGCTCGAGGTAG","hepatocyte"
"1521","10X_P7_0_TCGAGGCTCTGCTTGC","hepatocyte"
"1522","10X_P7_0_TCGAGGCTCTTAGCCC","hepatocyte"
"1523","10X_P7_0_TCGAGGCTCTTGAGGT","hepatocyte"
"1524","10X_P7_0_TCGCGAGCAAACGCGA","hepatocyte"
"1525","10X_P7_0_TCGGTAACACAAGACG","hepatocyte"
"1526","10X_P7_0_TCGGTAAGTCTAAACC","hepatocyte"
"1527","10X_P7_0_TCGTACCCATCGACGC","hepatocyte"
"1528","10X_P7_0_TCGTAGATCTTGAGGT","hepatocyte"
"1529","10X_P7_0_TCTATTGGTGTTCGAT","hepatocyte"
"1530","10X_P7_0_TCTCATAGTCATACTG","hepatocyte"
"1531","10X_P7_0_TCTCATATCTGCCAGG","hepatocyte"
"1532","10X_P7_0_TCTGAGAGTTAAGGGC","hepatocyte"
"1533","10X_P7_0_TCTGGAACAATGAAAC","hepatocyte"
"1534","10X_P7_0_TCTGGAATCTAACTTC","hepatocyte"
"1535","10X_P7_0_TCTGGAATCTTGCAAG","hepatocyte"
"1536","10X_P7_0_TCTTTCCCAGACGCTC","hepatocyte"
"1537","10X_P7_0_TGAAAGAAGTACATGA","endothelial cell of hepatic sinusoid"
"1538","10X_P7_0_TGACAACAGCGCCTTG","hepatocyte"
"1539","10X_P7_0_TGACAACGTTAAAGAC","hepatocyte"
"1540","10X_P7_0_TGACAACTCTGCGTAA","hepatocyte"
"1541","10X_P7_0_TGACGGCCAAGCGATG","hepatocyte"
"1542","10X_P7_0_TGACTAGTCGGCTACG","hepatocyte"
"1543","10X_P7_0_TGACTTTGTGCGATAG","hepatocyte"
"1544","10X_P7_0_TGAGCATCAGGTCCAC","hepatocyte"
"1545","10X_P7_0_TGAGGGAAGACCTAGG","hepatocyte"
"1546","10X_P7_0_TGAGGGACACGGATAG","hepatocyte"
"1547","10X_P7_0_TGAGGGAGTACTCAAC","hepatocyte"
"1548","10X_P7_0_TGATTTCCAGGATCGA","hepatocyte"
"1549","10X_P7_0_TGCACCTCAAGAAGAG","hepatocyte"
"1550","10X_P7_0_TGCCAAAAGCAGGTCA","hepatocyte"
"1551","10X_P7_0_TGCCAAAAGTTTCCTT","hepatocyte"
"1552","10X_P7_0_TGCCAAACAGACAAGC","hepatocyte"
"1553","10X_P7_0_TGCCCATAGAGTGAGA","hepatocyte"
"1554","10X_P7_0_TGCCCTAAGGTCATCT","hepatocyte"
"1555","10X_P7_0_TGCGGGTCACGTCTCT","hepatocyte"
"1556","10X_P7_0_TGCGTGGGTAAGTGGC","hepatocyte"
"1557","10X_P7_0_TGCTACCGTTTCGCTC","hepatocyte"
"1558","10X_P7_0_TGCTGCTGTTGGTAAA","hepatocyte"
"1559","10X_P7_0_TGGACGCAGAATAGGG","hepatocyte"
"1560","10X_P7_0_TGGACGCGTCTTGATG","hepatocyte"
"1561","10X_P7_0_TGGACGCTCCCATTAT","hepatocyte"
"1562","10X_P7_0_TGGCGCACACAACTGT","hepatocyte"
"1563","10X_P7_0_TGGGAAGCACAGGCCT","hepatocyte"
"1564","10X_P7_0_TGGGCGTTCGTAGATC","hepatocyte"
"1565","10X_P7_0_TGGTTAGGTAAGAGGA","hepatocyte"
"1566","10X_P7_0_TGGTTAGGTGTAACGG","hepatocyte"
"1567","10X_P7_0_TGGTTCCAGTGTCCCG","hepatocyte"
"1568","10X_P7_0_TGTATTCAGAACAATC","hepatocyte"
"1569","10X_P7_0_TGTATTCGTTATCGGT","hepatocyte"
"1570","10X_P7_0_TGTATTCTCCGCAAGC","hepatocyte"
"1571","10X_P7_0_TGTCCCACATGTAAGA","hepatocyte"
"1572","10X_P7_0_TGTGGTAAGGTCATCT","hepatocyte"
"1573","10X_P7_0_TGTGGTAGTCTAAACC","hepatocyte"
"1574","10X_P7_0_TGTGTTTGTTCCATGA","hepatocyte"
"1575","10X_P7_0_TGTGTTTTCTCACATT","hepatocyte"
"1576","10X_P7_0_TGTTCCGAGCCAGTAG","hepatocyte"
"1577","10X_P7_0_TGTTCCGAGGCTAGAC","hepatocyte"
"1578","10X_P7_0_TTAGGACCATTGGCGC","hepatocyte"
"1579","10X_P7_0_TTAGGACGTCCGTTAA","hepatocyte"
"1580","10X_P7_0_TTAGGACGTTCGTTGA","leukocyte"
"1581","10X_P7_0_TTAGTTCAGCTGATAA","hepatocyte"
"1582","10X_P7_0_TTAGTTCGTCGTGGCT","hepatocyte"
"1583","10X_P7_0_TTATGCTAGACTTGAA","hepatocyte"
"1584","10X_P7_0_TTCCCAGCACAGACTT","hepatocyte"
"1585","10X_P7_0_TTCGAAGAGGCTATCT","hepatocyte"
"1586","10X_P7_0_TTCGGTCCAAAGGCGT","hepatocyte"
"1587","10X_P7_0_TTGAACGGTTAAGAAC","hepatocyte"
"1588","10X_P7_0_TTGACTTAGTGTTTGC","hepatocyte"
"1589","10X_P7_0_TTGACTTTCTCGCATC","hepatocyte"
"1590","10X_P7_0_TTGCCGTAGGGATGGG","hepatocyte"
"1591","10X_P7_0_TTGCCGTCATATGAGA","hepatocyte"
"1592","10X_P7_0_TTGGAACAGACCCACC","hepatocyte"
"1593","10X_P7_0_TTGGAACCACTGTTAG","hepatocyte"
"1594","10X_P7_0_TTGTAGGTCAGCAACT","hepatocyte"
"1595","10X_P7_0_TTTACTGCATGCTGGC","hepatocyte"
"1596","10X_P7_0_TTTACTGTCCAGAGGA","hepatocyte"
"1597","10X_P7_0_TTTATGCGTTGGGACA","hepatocyte"
"1598","10X_P7_0_TTTCCTCGTCAACTGT","hepatocyte"
"1599","10X_P7_0_TTTGGTTTCACATGCA","hepatocyte"
"1600","10X_P7_0_TTTGGTTTCATGTCCC","hepatocyte"
"1601","10X_P7_0_TTTGTCAAGAGTGACC","hepatocyte"
"1602","10X_P7_0_TTTGTCAGTACTCGCG","hepatocyte"
"1603","10X_P7_1_AAACCTGAGCTCAACT",NA
"1604","10X_P7_1_AAACCTGAGGGATGGG","hepatocyte"
"1605","10X_P7_1_AAACGGGAGCGCTTAT","hepatocyte"
"1606","10X_P7_1_AAACGGGGTCCAGTGC","hepatocyte"
"1607","10X_P7_1_AAAGTAGGTGACTACT","hepatocyte"
"1608","10X_P7_1_AAATGCCGTCCAGTGC","hepatocyte"
"1609","10X_P7_1_AAATGCCTCCCAAGTA","hepatocyte"
"1610","10X_P7_1_AACACGTAGCGTCAAG",NA
"1611","10X_P7_1_AACTCAGTCTAACGGT","hepatocyte"
"1612","10X_P7_1_AACTCCCTCTTTACAC","hepatocyte"
"1613","10X_P7_1_AACTCTTCAAGCCGCT","hepatocyte"
"1614","10X_P7_1_AACTCTTGTGTCTGAT","hepatocyte"
"1615","10X_P7_1_AAGACCTAGGGAACGG","hepatocyte"
"1616","10X_P7_1_AAGACCTTCCGCGTTT","hepatocyte"
"1617","10X_P7_1_AAGGCAGCACACCGAC",NA
"1618","10X_P7_1_AATCCAGTCAGGTAAA","hepatocyte"
"1619","10X_P7_1_ACACCAAAGAGACGAA",NA
"1620","10X_P7_1_ACACCAACATAAGACA","hepatocyte"
"1621","10X_P7_1_ACACCAAGTCCAACTA","hepatocyte"
"1622","10X_P7_1_ACACCCTAGACCTTTG","hepatocyte"
"1623","10X_P7_1_ACACCCTTCACCAGGC","hepatocyte"
"1624","10X_P7_1_ACAGCCGCAGGTTTCA","hepatocyte"
"1625","10X_P7_1_ACAGCTAAGGTCGGAT","hepatocyte"
"1626","10X_P7_1_ACAGCTATCAGCGACC","hepatocyte"
"1627","10X_P7_1_ACATACGGTAATCGTC","hepatocyte"
"1628","10X_P7_1_ACATCAGGTTACGTCA","hepatocyte"
"1629","10X_P7_1_ACATGGTGTATAGTAG","hepatocyte"
"1630","10X_P7_1_ACCAGTACAAAGCGGT","hepatocyte"
"1631","10X_P7_1_ACCGTAATCTTAGAGC","hepatocyte"
"1632","10X_P7_1_ACCTTTACAGCTCGAC","hepatocyte"
"1633","10X_P7_1_ACCTTTACAGTATGCT","hepatocyte"
"1634","10X_P7_1_ACCTTTATCTATCCTA","hepatocyte"
"1635","10X_P7_1_ACGAGGAGTTATCACG","hepatocyte"
"1636","10X_P7_1_ACGATACGTCGAAAGC","hepatocyte"
"1637","10X_P7_1_ACGCCGAGTCTACCTC","hepatocyte"
"1638","10X_P7_1_ACGGAGAGTTAAGACA",NA
"1639","10X_P7_1_ACGGCCAGTCCGAAGA","hepatocyte"
"1640","10X_P7_1_ACGGCCAGTGACAAAT",NA
"1641","10X_P7_1_ACGGGCTCACGAGGTA","hepatocyte"
"1642","10X_P7_1_ACTGAACGTCAACTGT","hepatocyte"
"1643","10X_P7_1_ACTGATGCAAGCCCAC","hepatocyte"
"1644","10X_P7_1_ACTTGTTCATAACCTG","endothelial cell of hepatic sinusoid"
"1645","10X_P7_1_AGACGTTGTCCGAGTC",NA
"1646","10X_P7_1_AGAGTGGCACATGACT","hepatocyte"
"1647","10X_P7_1_AGAGTGGGTCTCAACA","hepatocyte"
"1648","10X_P7_1_AGATTGCTCAGATAAG","hepatocyte"
"1649","10X_P7_1_AGCGGTCCAGATAATG","hepatocyte"
"1650","10X_P7_1_AGCGTATCACATTTCT","hepatocyte"
"1651","10X_P7_1_AGCTCCTGTACTCAAC","hepatocyte"
"1652","10X_P7_1_AGGGAGTTCCAAGCCG","hepatocyte"
"1653","10X_P7_1_AGGGAGTTCCTTTCGG","hepatocyte"
"1654","10X_P7_1_AGGGATGAGATGTCGG","hepatocyte"
"1655","10X_P7_1_AGGGATGCACAGACTT","hepatocyte"
"1656","10X_P7_1_AGGGATGGTCTAACGT",NA
"1657","10X_P7_1_AGGGTGAAGTTGTAGA",NA
"1658","10X_P7_1_AGGTCATGTGCCTGGT","hepatocyte"
"1659","10X_P7_1_AGGTCATTCAACTCTT","hepatocyte"
"1660","10X_P7_1_AGTAGTCAGTCATGCT","hepatocyte"
"1661","10X_P7_1_AGTAGTCGTTGTCTTT","hepatocyte"
"1662","10X_P7_1_AGTCTTTCACCAGCAC","hepatocyte"
"1663","10X_P7_1_AGTGAGGTCTGCCCTA","hepatocyte"
"1664","10X_P7_1_AGTGTCAAGCAGGTCA","hepatocyte"
"1665","10X_P7_1_AGTGTCATCTGTTTGT","hepatocyte"
"1666","10X_P7_1_AGTTGGTTCAGCGACC","hepatocyte"
"1667","10X_P7_1_ATCTACTGTAAGTAGT","hepatocyte"
"1668","10X_P7_1_ATCTACTGTATAGGTA","hepatocyte"
"1669","10X_P7_1_ATGCGATGTGTCTGAT","hepatocyte"
"1670","10X_P7_1_ATGTGTGCAAAGCGGT","hepatocyte"
"1671","10X_P7_1_ATTCTACAGCCTCGTG","hepatocyte"
"1672","10X_P7_1_ATTCTACAGTGGAGTC","hepatocyte"
"1673","10X_P7_1_ATTCTACCAGGACGTA","hepatocyte"
"1674","10X_P7_1_ATTGGACCAAGAAGAG","hepatocyte"
"1675","10X_P7_1_ATTGGACCATCGATTG","hepatocyte"
"1676","10X_P7_1_CAACCTCGTGGTGTAG","hepatocyte"
"1677","10X_P7_1_CAAGAAAGTTACCGAT","hepatocyte"
"1678","10X_P7_1_CAAGATCAGCTGCGAA","leukocyte"
"1679","10X_P7_1_CAAGGCCAGATGGGTC","hepatocyte"
"1680","10X_P7_1_CACACCTCATGGGAAC","hepatocyte"
"1681","10X_P7_1_CACACCTTCAACGCTA","hepatocyte"
"1682","10X_P7_1_CACAGGCAGCCCAATT","hepatocyte"
"1683","10X_P7_1_CACAGTAAGCACACAG","hepatocyte"
"1684","10X_P7_1_CACAGTACATACTCTT","hepatocyte"
"1685","10X_P7_1_CACATAGTCTTATCTG",NA
"1686","10X_P7_1_CACATTTAGGCCATAG","hepatocyte"
"1687","10X_P7_1_CACATTTGTCCATCCT","hepatocyte"
"1688","10X_P7_1_CACATTTTCTCCAGGG","hepatocyte"
"1689","10X_P7_1_CACCACTTCTGCCCTA","hepatocyte"
"1690","10X_P7_1_CACTCCACACGGATAG","hepatocyte"
"1691","10X_P7_1_CACTCCATCACCTTAT","endothelial cell of hepatic sinusoid"
"1692","10X_P7_1_CAGAATCGTTCGCGAC","hepatocyte"
"1693","10X_P7_1_CAGAGAGGTGTCAATC","hepatocyte"
"1694","10X_P7_1_CAGCAGCAGTTTAGGA",NA
"1695","10X_P7_1_CAGCAGCTCCCTTGCA",NA
"1696","10X_P7_1_CAGCAGCTCGGACAAG","hepatocyte"
"1697","10X_P7_1_CAGCCGAAGCTGATAA","hepatocyte"
"1698","10X_P7_1_CAGCTAACAACGATCT","hepatocyte"
"1699","10X_P7_1_CAGCTAAGTCTTCTCG","hepatocyte"
"1700","10X_P7_1_CAGCTGGCACGCCAGT","hepatocyte"
"1701","10X_P7_1_CAGTCCTTCCAAAGTC","hepatocyte"
"1702","10X_P7_1_CATATTCTCCATGAAC","hepatocyte"
"1703","10X_P7_1_CATCAAGAGAGGGCTT","hepatocyte"
"1704","10X_P7_1_CATCAAGTCGACCAGC","hepatocyte"
"1705","10X_P7_1_CATCAGAAGTCGAGTG","hepatocyte"
"1706","10X_P7_1_CATCCACAGATGTGTA","hepatocyte"
"1707","10X_P7_1_CATCCACTCCCTCTTT","hepatocyte"
"1708","10X_P7_1_CATCGGGGTGTAATGA","hepatocyte"
"1709","10X_P7_1_CATTCGCGTTCGGCAC","hepatocyte"
"1710","10X_P7_1_CCAATCCAGAAACGCC",NA
"1711","10X_P7_1_CCACGGAGTTTCGCTC","hepatocyte"
"1712","10X_P7_1_CCATTCGAGGAGTCTG","hepatocyte"
"1713","10X_P7_1_CCATTCGCACCGAATT","hepatocyte"
"1714","10X_P7_1_CCCAGTTTCTCGTTTA","hepatocyte"
"1715","10X_P7_1_CCTACACCACTGTCGG",NA
"1716","10X_P7_1_CCTACCAAGCAGGCTA","hepatocyte"
"1717","10X_P7_1_CCTACCAGTGTGTGCC","hepatocyte"
"1718","10X_P7_1_CCTAGCTCAACACCCG",NA
"1719","10X_P7_1_CCTCAGTAGGTGCACA","hepatocyte"
"1720","10X_P7_1_CCTCAGTTCGGTGTCG","hepatocyte"
"1721","10X_P7_1_CCTCTGACACAGACAG","hepatocyte"
"1722","10X_P7_1_CCTTACGAGTTCGCGC","hepatocyte"
"1723","10X_P7_1_CCTTCGACAGCTCCGA","hepatocyte"
"1724","10X_P7_1_CCTTCGACATGGAATA","hepatocyte"
"1725","10X_P7_1_CGACTTCAGAACTCGG","hepatocyte"
"1726","10X_P7_1_CGACTTCAGACCTAGG","leukocyte"
"1727","10X_P7_1_CGAGAAGGTGACGGTA","hepatocyte"
"1728","10X_P7_1_CGATCGGAGAAACGCC","hepatocyte"
"1729","10X_P7_1_CGATGTATCGCAAGCC","endothelial cell of hepatic sinusoid"
"1730","10X_P7_1_CGCGTTTCAGTCACTA","hepatocyte"
"1731","10X_P7_1_CGCTATCGTATAGGTA","hepatocyte"
"1732","10X_P7_1_CGCTTCACACCTGGTG","hepatocyte"
"1733","10X_P7_1_CGCTTCATCCCACTTG",NA
"1734","10X_P7_1_CGGACTGGTCAAGCGA","hepatocyte"
"1735","10X_P7_1_CGGAGCTTCATCGCTC","hepatocyte"
"1736","10X_P7_1_CGGAGTCTCTTCCTTC","hepatocyte"
"1737","10X_P7_1_CGGGTCATCCCAAGTA",NA
"1738","10X_P7_1_CGTAGCGGTAGCTCCG","hepatocyte"
"1739","10X_P7_1_CGTAGGCAGGCCCTTG","hepatocyte"
"1740","10X_P7_1_CGTCACTAGAGGACGG","hepatocyte"
"1741","10X_P7_1_CGTCACTTCGTCTGAA","hepatocyte"
"1742","10X_P7_1_CGTCAGGTCACGAAGG","endothelial cell of hepatic sinusoid"
"1743","10X_P7_1_CGTGTAACAAGTTAAG","hepatocyte"
"1744","10X_P7_1_CGTGTAATCCTTGGTC","hepatocyte"
"1745","10X_P7_1_CGTTAGAAGCGGATCA","hepatocyte"
"1746","10X_P7_1_CGTTCTGCACCATCCT","hepatocyte"
"1747","10X_P7_1_CGTTCTGCACCCTATC","hepatocyte"
"1748","10X_P7_1_CGTTCTGTCAGGTAAA","hepatocyte"
"1749","10X_P7_1_CGTTGGGTCGTCCAGG","hepatocyte"
"1750","10X_P7_1_CTAACTTAGTTGTAGA",NA
"1751","10X_P7_1_CTAATGGAGCGATATA",NA
"1752","10X_P7_1_CTAATGGGTATTCGTG","hepatocyte"
"1753","10X_P7_1_CTAATGGTCTAGAGTC","hepatocyte"
"1754","10X_P7_1_CTACACCCAGCCAATT","hepatocyte"
"1755","10X_P7_1_CTCGAGGGTTTCGCTC","hepatocyte"
"1756","10X_P7_1_CTCGGAGTCCCACTTG","hepatocyte"
"1757","10X_P7_1_CTCGTACCATCGATGT","hepatocyte"
"1758","10X_P7_1_CTCTAATAGGGTTTCT",NA
"1759","10X_P7_1_CTCTAATTCGTACCGG","hepatocyte"
"1760","10X_P7_1_CTCTAATTCGTAGGTT","hepatocyte"
"1761","10X_P7_1_CTCTACGCAAACCCAT","hepatocyte"
"1762","10X_P7_1_CTCTACGGTAGAAGGA","hepatocyte"
"1763","10X_P7_1_CTCTGGTCAGATAATG","hepatocyte"
"1764","10X_P7_1_CTGAAGTGTGCTGTAT",NA
"1765","10X_P7_1_CTGAAGTTCCGTTGTC","hepatocyte"
"1766","10X_P7_1_CTGATAGCAGGGATTG","hepatocyte"
"1767","10X_P7_1_CTGATAGGTGAGGGAG","hepatocyte"
"1768","10X_P7_1_CTGCGGAAGCTCCTTC","hepatocyte"
"1769","10X_P7_1_CTGCGGAGTAGGCTGA",NA
"1770","10X_P7_1_CTGGTCTGTGCACGAA","hepatocyte"
"1771","10X_P7_1_CTGTGCTAGGCTAGAC","hepatocyte"
"1772","10X_P7_1_CTGTTTACAGTCGATT",NA
"1773","10X_P7_1_CTTAACTCACTACAGT","hepatocyte"
"1774","10X_P7_1_CTTCTCTTCACATAGC","hepatocyte"
"1775","10X_P7_1_GAACATCTCCTTGGTC","hepatocyte"
"1776","10X_P7_1_GAACGGAAGGGCACTA","hepatocyte"
"1777","10X_P7_1_GAATAAGCACCTCGGA","hepatocyte"
"1778","10X_P7_1_GACCAATCAGTCAGAG","hepatocyte"
"1779","10X_P7_1_GACTAACCATCCCACT","hepatocyte"
"1780","10X_P7_1_GACTACATCACAGTAC","hepatocyte"
"1781","10X_P7_1_GAGGTGAAGTGTGAAT","hepatocyte"
"1782","10X_P7_1_GAGTCCGGTACATCCA","hepatocyte"
"1783","10X_P7_1_GATCAGTGTACAGACG","hepatocyte"
"1784","10X_P7_1_GATCGCGCATGTAAGA","hepatocyte"
"1785","10X_P7_1_GATCGCGGTTCCCTTG","hepatocyte"
"1786","10X_P7_1_GATCTAGCATCACGAT",NA
"1787","10X_P7_1_GATCTAGGTTCGCTAA","hepatocyte"
"1788","10X_P7_1_GATGAAAAGAGAACAG","hepatocyte"
"1789","10X_P7_1_GATGAGGGTTTGGCGC","hepatocyte"
"1790","10X_P7_1_GATGCTAAGCTCCTCT","hepatocyte"
"1791","10X_P7_1_GATTCAGCACTGTCGG","hepatocyte"
"1792","10X_P7_1_GATTCAGGTCTAGCGC","hepatocyte"
"1793","10X_P7_1_GCAAACTAGCTTATCG",NA
"1794","10X_P7_1_GCACATACAGACGTAG","hepatocyte"
"1795","10X_P7_1_GCACTCTCAACACGCC","hepatocyte"
"1796","10X_P7_1_GCAGCCAGTTGCGCAC","hepatocyte"
"1797","10X_P7_1_GCAGTTACAATTGCTG","hepatocyte"
"1798","10X_P7_1_GCATGATGTACGACCC","hepatocyte"
"1799","10X_P7_1_GCATGATGTCTGCAAT","hepatocyte"
"1800","10X_P7_1_GCATGTATCTACGAGT","hepatocyte"
"1801","10X_P7_1_GCCAAATCAAGGACAC","hepatocyte"
"1802","10X_P7_1_GCGACCACATATGGTC","hepatocyte"
"1803","10X_P7_1_GCGAGAAAGGCTACGA","hepatocyte"
"1804","10X_P7_1_GCGAGAACATTAGCCA","hepatocyte"
"1805","10X_P7_1_GCGCAGTAGAAGGTGA","hepatocyte"
"1806","10X_P7_1_GCTCCTAAGGCCGAAT",NA
"1807","10X_P7_1_GCTCTGTAGTCGCCGT","hepatocyte"
"1808","10X_P7_1_GCTGCAGAGAGAACAG",NA
"1809","10X_P7_1_GCTGCTTGTCCGAAGA",NA
"1810","10X_P7_1_GCTGGGTGTCAGAAGC","hepatocyte"
"1811","10X_P7_1_GCTGGGTGTGCGAAAC","hepatocyte"
"1812","10X_P7_1_GCTTCCAAGAGTGACC","hepatocyte"
"1813","10X_P7_1_GCTTCCATCATCATTC","hepatocyte"
"1814","10X_P7_1_GCTTCCATCCACGCAG",NA
"1815","10X_P7_1_GCTTCCATCCAGTATG",NA
"1816","10X_P7_1_GCTTCCATCCTTTACA","hepatocyte"
"1817","10X_P7_1_GGAACTTGTCAGCTAT","hepatocyte"
"1818","10X_P7_1_GGACATTCAACTTGAC","hepatocyte"
"1819","10X_P7_1_GGACATTCAGACGCAA","hepatocyte"
"1820","10X_P7_1_GGACATTTCGTAGGAG","hepatocyte"
"1821","10X_P7_1_GGACGTCTCTACCAGA","hepatocyte"
"1822","10X_P7_1_GGAGCAAAGTACACCT","endothelial cell of hepatic sinusoid"
"1823","10X_P7_1_GGATTACGTTTGACTG","hepatocyte"
"1824","10X_P7_1_GGCCGATGTCGCGTGT","hepatocyte"
"1825","10X_P7_1_GGCGACTTCAGCCTAA",NA
"1826","10X_P7_1_GGCGACTTCGCGGATC","hepatocyte"
"1827","10X_P7_1_GGCGTGTCATGCCTTC","hepatocyte"
"1828","10X_P7_1_GGGAATGAGTCGAGTG","hepatocyte"
"1829","10X_P7_1_GGGATGAGTCTAGTGT","hepatocyte"
"1830","10X_P7_1_GGGATGAGTGAGGGTT",NA
"1831","10X_P7_1_GGGTCTGTCATATCGG","hepatocyte"
"1832","10X_P7_1_GGGTTGCCAGCTGTTA","hepatocyte"
"1833","10X_P7_1_GGGTTGCCAGGCGATA","hepatocyte"
"1834","10X_P7_1_GGGTTGCTCCTAGAAC","hepatocyte"
"1835","10X_P7_1_GGTGAAGGTATATGGA","hepatocyte"
"1836","10X_P7_1_GGTGTTAAGTTGTCGT",NA
"1837","10X_P7_1_GTAACTGAGGTAGCCA","hepatocyte"
"1838","10X_P7_1_GTAGTCACATGCATGT","hepatocyte"
"1839","10X_P7_1_GTATTCTCATGCCTAA","hepatocyte"
"1840","10X_P7_1_GTATTCTTCTCCTATA","hepatocyte"
"1841","10X_P7_1_GTCACGGAGGATGCGT","hepatocyte"
"1842","10X_P7_1_GTCTCGTAGAAGCCCA","hepatocyte"
"1843","10X_P7_1_GTGCAGCAGCAGGCTA","hepatocyte"
"1844","10X_P7_1_GTGCATAAGCGTAATA","hepatocyte"
"1845","10X_P7_1_GTGCATAAGTCCGTAT","hepatocyte"
"1846","10X_P7_1_GTGCTTCAGTAACCCT","hepatocyte"
"1847","10X_P7_1_GTGGGTCCAGTCGATT","hepatocyte"
"1848","10X_P7_1_GTGTGCGGTTAGTGGG",NA
"1849","10X_P7_1_GTGTTAGAGTCAAGCG","hepatocyte"
"1850","10X_P7_1_GTTACAGCACGAGGTA",NA
"1851","10X_P7_1_GTTACAGCAGACAAAT","hepatocyte"
"1852","10X_P7_1_GTTCATTGTACCAGTT","hepatocyte"
"1853","10X_P7_1_GTTCGGGTCTACGAGT","hepatocyte"
"1854","10X_P7_1_GTTCTCGAGTCACGCC","hepatocyte"
"1855","10X_P7_1_GTTTCTAAGCAGCGTA","endothelial cell of hepatic sinusoid"
"1856","10X_P7_1_GTTTCTAAGTTTAGGA","hepatocyte"
"1857","10X_P7_1_TAAACCGCATGTAGTC","hepatocyte"
"1858","10X_P7_1_TAAACCGTCTCGCTTG","hepatocyte"
"1859","10X_P7_1_TAAGTGCTCATGTAGC","hepatocyte"
"1860","10X_P7_1_TACCTATCACCGAATT","hepatocyte"
"1861","10X_P7_1_TACGGATAGTCAATAG","hepatocyte"
"1862","10X_P7_1_TACGGGCCACCGATAT","hepatocyte"
"1863","10X_P7_1_TACGGTAGTATTACCG","hepatocyte"
"1864","10X_P7_1_TACTCATCAGGGATTG","hepatocyte"
"1865","10X_P7_1_TACTCGCGTCTCCATC","endothelial cell of hepatic sinusoid"
"1866","10X_P7_1_TACTCGCGTGCCTTGG","hepatocyte"
"1867","10X_P7_1_TACTTACTCCGTAGTA","hepatocyte"
"1868","10X_P7_1_TACTTACTCGTTGCCT","hepatocyte"
"1869","10X_P7_1_TAGACCACATCCGGGT",NA
"1870","10X_P7_1_TAGAGCTCAGTCAGCC","hepatocyte"
"1871","10X_P7_1_TAGCCGGCAAGTTGTC",NA
"1872","10X_P7_1_TAGCCGGGTATTAGCC","hepatocyte"
"1873","10X_P7_1_TATCAGGCATGGATGG","hepatocyte"
"1874","10X_P7_1_TATGCCCGTACAGCAG","hepatocyte"
"1875","10X_P7_1_TATGCCCGTACATCCA","hepatocyte"
"1876","10X_P7_1_TCAACGAAGTTCGATC","hepatocyte"
"1877","10X_P7_1_TCAATCTGTGCATCTA","hepatocyte"
"1878","10X_P7_1_TCACGAAGTGCCTGCA",NA
"1879","10X_P7_1_TCAGCAACATGCGCAC",NA
"1880","10X_P7_1_TCAGCAATCACGACTA","hepatocyte"
"1881","10X_P7_1_TCAGCAATCCGAAGAG","hepatocyte"
"1882","10X_P7_1_TCAGGTATCTCGAGTA","hepatocyte"
"1883","10X_P7_1_TCATTTGCAGGGTACA","hepatocyte"
"1884","10X_P7_1_TCGTACCGTTTAGGAA","hepatocyte"
"1885","10X_P7_1_TCTATTGCATACCATG","hepatocyte"
"1886","10X_P7_1_TCTATTGTCCAAACAC",NA
"1887","10X_P7_1_TCTCTAAAGGCATTGG","hepatocyte"
"1888","10X_P7_1_TCTTTCCAGTGAACGC","hepatocyte"
"1889","10X_P7_1_TGAAAGAAGGGTTCCC","hepatocyte"
"1890","10X_P7_1_TGAAAGACATGAAGTA","hepatocyte"
"1891","10X_P7_1_TGACAACTCCCATTAT","hepatocyte"
"1892","10X_P7_1_TGACTTTAGTTGTAGA","hepatocyte"
"1893","10X_P7_1_TGAGCCGAGGCATTGG","hepatocyte"
"1894","10X_P7_1_TGCACCTCAGTATGCT",NA
"1895","10X_P7_1_TGCACCTGTACATGTC","hepatocyte"
"1896","10X_P7_1_TGCGCAGTCTACGAGT","hepatocyte"
"1897","10X_P7_1_TGCTACCTCTTGTTTG","hepatocyte"
"1898","10X_P7_1_TGGCCAGCACGAAAGC","hepatocyte"
"1899","10X_P7_1_TGGCTGGAGTCCGTAT","hepatocyte"
"1900","10X_P7_1_TGGCTGGTCAACGAAA","hepatocyte"
"1901","10X_P7_1_TGGTTAGCATCCGTGG","hepatocyte"
"1902","10X_P7_1_TGGTTCCAGTGTCCCG",NA
"1903","10X_P7_1_TGGTTCCGTGAACCTT","hepatocyte"
"1904","10X_P7_1_TGTATTCCATTGGGCC","hepatocyte"
"1905","10X_P7_1_TGTTCCGAGGCTAGAC",NA
"1906","10X_P7_1_TGTTCCGGTTACGCGC","hepatocyte"
"1907","10X_P7_1_TTAACTCCAATGGTCT","hepatocyte"
"1908","10X_P7_1_TTCTTAGCAGTGAGTG","hepatocyte"
"1909","10X_P7_1_TTCTTAGGTAAGAGAG","hepatocyte"
"1910","10X_P7_1_TTGAACGCAGACTCGC","hepatocyte"
"1911","10X_P7_1_TTGAACGTCCCTAATT","hepatocyte"
"1912","10X_P7_1_TTGAACGTCTCAAACG","hepatocyte"
"1913","10X_P7_1_TTGACTTTCCGAACGC","hepatocyte"
"1914","10X_P7_1_TTGACTTTCCGCGGTA","hepatocyte"
"1915","10X_P7_1_TTGCCGTCAGCCAATT","hepatocyte"
"1916","10X_P7_1_TTGCCGTTCACGCATA","hepatocyte"
"1917","10X_P7_1_TTGCGTCGTGAGTATA",NA
"1918","10X_P7_1_TTGGAACTCTGACCTC","hepatocyte"
"1919","10X_P7_1_TTGGCAAAGCTAGTGG",NA
"1920","10X_P7_1_TTGGCAATCTTCATGT","hepatocyte"
"1921","10X_P7_1_TTGTAGGCAGGAATGC","hepatocyte"
"1922","10X_P7_1_TTTACTGCATTACGAC","hepatocyte"
"1923","10X_P7_1_TTTACTGGTACACCGC","hepatocyte"
"1924","10X_P7_1_TTTGCGCGTAAGGATT","hepatocyte"
